agency_cd,site_no,station_nm
USGS,2228500,"NORTH PRONG ST. MARYS RIVER AT MONIAC, GA"
USGS,2229000,"MIDDLE PRONG ST MARYS RIVER AT TAYLOR, FL"
USGS,2229250,"MIDDLE PRONG ST. MARYS RIVER NEAR TAYLOR, FL"
USGS,2229500,"SOUTH PRONG ST. MARYS RIVER NR SANDERSON, FLA."
USGS,2230000,"TURKEY CREEK AT MACCLENNY, FLA."
USGS,2230500,"SOUTH PRONG ST. MARYS RIVER AT GLEN ST. MARY, FL"
USGS,2231000,"ST. MARYS RIVER NEAR MACCLENNY, FL"
USGS,2231250,"LITTLE ST. MARYS RIVER NR HILLIARD, FLA."
USGS,2231253,"ST. MARYS RIVER NEAR GROSS, FLA."
USGS,22312672,"MILLS CREEK NR ITALIA,FL"
USGS,2231268,"ALLIGATOR CREEK AT CALLAHAN, FL"
USGS,2231280,"THOMAS CREEK NEAR CRAWFORD, FL"
USGS,2231289,"NASSAU RIVER NEAR HEDGES, FL"
USGS,2231291,"NASSAU RIVER NEAR TISONIA, FL"
USGS,2231322,"S-253 WEIR NEAR FORT DRUM, FL"
USGS,2231342,"FT DRUM CREEK AT SUNSHINE ST PKY NEAR FT DRUM, FL"
USGS,2231396,"BLUE CYPRESS CREEK NEAR FELLSMERE, FL"
USGS,2231454,"SIXMILE CREEK NEAR KENANSVILLE, FL"
USGS,2231458,"WOLF CREEK NEAR KENANSVILLE, FL"
USGS,2231565,"CRABGRASS CREEK NEAR HOLOPAW, FL"
USGS,2231600,"JANE GREEN CREEK NEAR DEER PARK, FL"
USGS,2232000,"ST. JOHNS RIVER NEAR MELBOURNE, FL"
USGS,2232155,"PENNYWASH CREEK NEAR DEER PARK, FL"
USGS,2232200,"WOLF CREEK NEAR DEER PARK, FL"
USGS,2232400,"ST. JOHNS RIVER NEAR COCOA, FL"
USGS,2232413,"TAYLOR CREEK ABOVE S-164 NR COCOA, FLA."
USGS,2232415,"TAYLOR CREEK NEAR COCOA, FL"
USGS,2232460,"JIM CREEK AT FISH HOLE ROAD NEAR CHRISTMAS, FL"
USGS,2232500,"ST. JOHNS RIVER NEAR CHRISTMAS, FL"
USGS,2233001,ECONLOCKHATCHEE R AT MAGNOLIA RANCH NR BITHLO FL
USGS,2233102,"ECONLOCKHATCHEE RIVER TRIB. NR BITHLO, FLA."
USGS,2233104,ECONLOCKHATCHEE RIVER AT HWY 420 NR BITHLO
USGS,2233200,"LITTLE ECONLOCKHATCHEE RIVER NEAR UNION PARK, FL"
USGS,2233460,"LITTLE ECON RIV TRIB AT BANNER DAM AT UNION PK, FL"
USGS,2233473,"LT ECONLOCKHATCHEE R AT UNIV BLVD NR UNION PK, FL"
USGS,2233475,"LT ECONLOCKHATCHEE R AT STATE HWY434 NR OVIEDO, FL"
USGS,2233484,"ECONLOCKHATCHEE RIVER NEAR OVIEDO, FL"
USGS,2233500,"ECONLOCKHATCHEE RIVER NEAR CHULUOTA, FL"
USGS,2234000,"ST. JOHNS RIVER ABOVE LAKE HARNEY NEAR GENEVA, FL"
USGS,2234010,"ST. JOHNS RIVER AT OSCEOLA, FL"
USGS,2234100,"DEEP CREEK NEAR OSTEEN, FL"
USGS,2234180,"DEEP CREEK DIVERSION CANAL NEAR OSTEEN, FL"
USGS,2234263,SUE LAKE OUTLET AT WINTER PARK
USGS,2234287,"PARK LAKE OUTLET AT MAITLAND, FL"
USGS,2234308,"HOWELL CREEK NEAR ALTAMONTE SPRINGS, FL"
USGS,2234324,"HOWELL CREEK NEAR SLAVIA, FL"
USGS,2234344,"HOWELL CREEK AT STATE HWY 434 NEAR OVIEDO, FL"
USGS,2234365,"SOLDIER CREEK HEADWATERS AT LAKE MARY, FL"
USGS,2234367,"SOLDIER CREEK AT LAKE MARY, FL"
USGS,2234384,"SOLDIER CREEK NEAR LONGWOOD, FL"
USGS,2234400,"GEE CREEK NEAR LONGWOOD, FL"
USGS,2234432,"LAKE JESUP AT STATE HIGHWAY 417 NEAR OVIEDO, FL"
USGS,2234435,"LAKE JESUP OUTLET NEAR SANFORD, FL"
USGS,2234440,"ST. JOHNS RIVER AT STATE HWY 415 NEAR SANFORD, FL"
USGS,2234500,"ST. JOHNS RIVER NEAR SANFORD, FL"
USGS,2234600,"WEKIWA SPRINGS NEAR APOPKA, FL"
USGS,2234610,"ROCK SPRINGS NEAR APOPKA, FL"
USGS,2234635,"WEKIVA RIVER NEAR APOPKA, FL"
USGS,2234815,"LAKE WEKIVA OUTLET NR MAITLAND, FLA."
USGS,2234990,"LITTLE WEKIVA RIVER NEAR ALTAMONTE SPRINGS, FL"
USGS,2234998,"LITTLE WEKIVA RIVER NEAR LONGWOOD, FL"
USGS,22349993,"WEKIVA RIVER AT OLD RR CROSSING NEAR SANFORD, FL"
USGS,2235000,"WEKIVA RIVER NEAR SANFORD, FL"
USGS,2235200,"BLACKWATER CREEK NEAR CASSIA, FL"
USGS,2235400,"ST JOHNS RIVER AT MARKER 88 NEAR DEBARY, FL."
USGS,2235495,"ST. JOHNS RIVER AB BLUE SPRING NR ORANGE CITY, FL."
USGS,2235500,"BLUE SPRINGS NEAR ORANGE CITY, FL"
USGS,2236000,"ST. JOHNS RIVER NEAR DE LAND, FL"
USGS,2236122,"TICK ISLAND CREEK NEAR ASTOR, FL."
USGS,2236125,"ST. JOHNS RIVER AT ASTOR, FL"
USGS,2236157,"PRICE CREEK NEAR PIERSON, FL"
USGS,2236160,"SILVER GLEN SPRINGS NEAR ASTOR, FL"
USGS,2236300,"GREEN SWAMP RUN NR LOUGHMAN, FLA."
USGS,2236350,"GREEN SWAMP RUN NEAR EVA, FL"
USGS,2236500,"BIG CREEK NEAR CLERMONT, FL"
USGS,2236600,"LITTLE CREEK AT COOPER'S RANCH NR CLERMONT, FLA."
USGS,2236605,"LITTLE CREEK AT GREEN SWAMP ROAD NEAR CLERMONT, FL"
USGS,2236700,"LITTLE CREEK NEAR CLERMONT, FL"
USGS,2236900,"PALATLAKAHA R AT CHERRY LK OUT NEAR GROVELAND, FL"
USGS,2237000,"PALATLAKAHA RIVER NEAR MASCOTTE, FL"
USGS,2237293,"PALATLAKAHA R AT STRUCTURE M-1, NR OKAHUMPKA, FL"
USGS,2237522,"DEAD RIVER NR TAVARES, FLA."
USGS,2237698,"APOPKA FLOW-WAY FEEDER CANAL NEAR ASTATULA, FL"
USGS,2237700,"APOPKA-BEAUCLAIR CANAL NEAR ASTATULA, FL"
USGS,2237733,"WOLF BRANCH AB SR 46 NR MT.DORA, FLA"
USGS,2237734,"WOLF BRANCH AT FCRR NEAR MOUNT DORA, FL"
USGS,2238000,"HAYNES CREEK AT LISBON, FL"
USGS,2238500,"OCKLAWAHA RIVER AT MOSS BLUFF, FL"
USGS,2238800,"LAKE WEIR NEAR WEIRSDALE, FL"
USGS,2239000,"OCKLAWAHA RIVER NR OCALA,FLA."
USGS,2239500,"SILVER SPRINGS NEAR OCALA, FL"
USGS,2239501,"SILVER RIVER NEAR OCALA, FL"
USGS,2239510,"SILVER RIVER NEAR CONNER, FL"
USGS,2239600,TRIBUTARY TO SILVER RIVER AT SH 40 NEAR OCALA FL
USGS,2240000,"OCKLAWAHA RIVER NEAR CONNER, FL"
USGS,2240500,"OCKLAWAHA RIVER AT EUREKA, FL"
USGS,2240783,"HATCHET CREEK NR FAIRBANKS,FL"
USGS,2240806,"LITTLE HATCHET CREEK AT GAINESVILLE,FL"
USGS,2240902,"PRAIRIE CREEK NEAR GAINESVILLE, FL"
USGS,22409424,"MOORES POND TRIB. NEAR MICANOPY, FL."
USGS,2240954,"HOGTOWN CREEK NEAR ARREDONDO, FL"
USGS,2240976,"TUMBLIN CREEK AT GAINESVILLE,FL"
USGS,2240982,"BIVANS ARM AT GAINESVILE,FL"
USGS,2240988,"SWEETWATER BRANCH AT GAINESVILLE,FL"
USGS,2241000,"CAMPS CANAL NEAR ROCHELLE, FL"
USGS,2241900,"LOCHLOOSA CREEK AT GROVE PARK, FLA."
USGS,2242451,"ORANGE LAKE OUTLET NEAR CITRA, FL"
USGS,2242460,"ORANGE CREEK NEAR ISLAND GROVE, FL"
USGS,2242500,"LOCHLOOSA SLOUGH NR LOCHLOOSA, FLA."
USGS,2243000,"ORANGE CREEK AT ORANGE SPRINGS, FL"
USGS,2243300,"LITTLE ORANGE CREEK NEAR JOHNSON, FL"
USGS,2243500,"OCKLAWAHA RIVER NR ORANGE SPRINGS,FLA."
USGS,2243609,"DEEP CREEK NR KENWOOD, FLA."
USGS,2243800,"DEEP CREEK NR RODMAN, FLA."
USGS,2243960,"OCKLAWAHA R AT RODMAN DAM NEAR ORANGE SPRINGS, FL"
USGS,2244000,"OCKLAWAHA R AT RIVERSIDE L NR ORG.SPRINGS, FLA."
USGS,2244005,"OCKLAWAHA R AT ST HWY 19,NR SALT SPRINGS, FLA."
USGS,2244032,"CROSS FL BARGE CAN AT BUCKMAN LOCK NR PALATKA, FL"
USGS,2244040,"ST. JOHNS R AT BUFFALO BLUFF NEAR SATSUMA, FL"
USGS,2244300,"MIDDLE HAW CR AT RELAY STATION NR BUNNELL, FLA."
USGS,2244320,"MIDDLE HAW CREEK NR KORONA, FLA."
USGS,2244333,HAW CREEK AB RUSSELLS LANDING NR ST JOHNS PARK FL
USGS,2244420,"LITTLE HAW CREEK NEAR SEVILLE, FL"
USGS,2244440,"DUNNS CREEK NEAR SATSUMA, FL"
USGS,2244450,"ST. JOHNS RIVER AT PALATKA, FLA."
USGS,2244473,RICE CREEK NEAR SPRINGSIDE
USGS,2244601,"SAND HILL LAKE OUTLET NR KEYSTONE HEIGHTS, FL"
USGS,2244651,"MAGNOLIA LAKE OUTLET NR KEYSTONE HEIGHTS, FLA."
USGS,2244690,"ALLIGATOR CREEK NR KEYSTONE HEIGHTS,FL"
USGS,2245000,"ETONIA CREEK NR FLORAHOME, FLA."
USGS,2245050,"ETONIA CREEK AT BARDIN, FL"
USGS,2245140,"SIMMS CREEK NEAR BARDIN, FL"
USGS,2245255,"DEEP CREEK NEAR HASTINGS, FL"
USGS,2245260,"DEEP CREEK AT SPUDS, FL"
USGS,2245280,"MOCCASIN BRANCH AT ARMSTRONG, FL"
USGS,2245290,ST JOHNS RIVER AT RACY PT NEAR HASTINGS FL
USGS,2245315,"SIXMILE CREEK AT BAKERSVILLE, FL"
USGS,2245328,"SIXMILE CREEK NEAR PICOLATA, FL"
USGS,2245340,"ST JOHNS R BLW SHANDS BRIDGE NR GRN COVE SPRG, FL"
USGS,2245400,"SOUTH FORK BLACK CREEK NR CAMP BLANDING, FLA."
USGS,2245500,"SOUTH FORK BLACK CREEK NEAR PENNEY FARMS, FL"
USGS,2245800,"NORTH FORK BLACK CREEK NR HIGHLAND, FLA."
USGS,2245913,"SAL TAYLOR CREEK NEAR MAXVILLE, FL"
USGS,2245918,"ROWELL CREEK NR FIFTONE, FL."
USGS,2245922,"ROWELL CR. AT LAKE FRETWELL DAM NR MAXVILLE, FL"
USGS,2245924,"SITE 2 OUTFLOW DITCH NR MAXVILLE, FL"
USGS,2245925,"SITE 1 OUTFLOW DITCH NR MAXVILLE, FL"
USGS,2245927,"ROWELL CREEK NR MAXVILLE, FL"
USGS,2246000,"NORTH FORK BLACK CREEK NEAR MIDDLEBURG, FL"
USGS,2246025,"BLACK CREEK NEAR DOCTORS INLET, FL"
USGS,2246030,"LITTLE BLACK CREEK NEAR MIDDLEBURG, FL"
USGS,2246100,"JULINGTON CREEK NR GREENLAND, FLA."
USGS,2246108,"JULINGTON CREEK NEAR MANDARIN, FL"
USGS,2246150,"BIG DAVIS CREEK AT BAYARD, FL"
USGS,2246160,"JULINGTON CRK AT OLD ST AUGUST RD NR BAYARD, FL"
USGS,22462002,"DURBIN CREEK NEAR FRUIT COVE, FL"
USGS,2246202,"CORMORANT BRANCH NR MANDARIN, FLA."
USGS,2246215,"INDIGO BRANCH NEAR DOCTORS INLET,FL"
USGS,2246300,"ORTEGA RIVER AT JACKSONVILLE, FL"
USGS,2246318,"ORTEGA RIVER AT KIRWIN ROAD NEAR JACKSONVILLE,FL"
USGS,2246359,"CEDAR RIVER AT MARIETTA, FL"
USGS,2246459,"CEDAR RIVER AT SAN JUAN AVENUE AT JACKSONVILLE, FL"
USGS,2246500,"ST. JOHNS RIVER AT JACKSONVILLE, FL"
USGS,2246515,"POTTSBURG CREEK NR SOUTH JACKSONVILLE, FLA."
USGS,2246518,"POTTSBURG CRK AT US90 NR S. JACKSONVILLE, FL"
USGS,2246520,"STRAWBERRY CREEK NEAR ARLINGTON, FL"
USGS,2246522,"RED BAY BRANCH TRIBUTARY AT JACKSONVILLE, FLA."
USGS,2246599,"TROUT RIVER NEAR DINSMORE, FL"
USGS,2246621,TROUT R NR JACKSONVILLE FLA
USGS,2246751,"BROWARD RIVER BL BISCAYNE BLVD NR JACKSONVILLE, FL"
USGS,2246804,"DUNN CREEK AT DUNN CREEK RD NR EASTPORT, FL"
USGS,2246825,"CLAPBOARD CREEK NR JACKSONVILLE, FL"
USGS,2246828,"PABLO CREEK AT JACKSONVILLE, FL"
USGS,2246832,"CEDAR SWAMP CREEK NR JACKSONVILLE, FLA."
USGS,2246850,"DIEGO PLAINS SWAMP DRAIN AT MICKLER LANDING, FL"
USGS,2246895,"SAN SEBASTIAN RIVER AT ST. AUGUSTINE, FL"
USGS,2246900,"MOULTRIE CREEK AT SHWY 207 NR ST AUGUSTINE, FLA."
USGS,2247000,"MOULTRIE CREEK NR ST. AUGUSTINE, FLA."
USGS,2247012,"MOULTRIE CREEK TRIB NEAR ST.AUGUSTINE,FL"
USGS,2247015,"MOULTRIE CREEK AT MOULTRIE, FL"
USGS,2247027,"MOSES CREEK NEAR MOULTRIE, FL"
USGS,2247222,"PELLICER CREEK NEAR ESPANOLA, FL"
USGS,2247258,"LEHIGH CANAL NEAR FLAGLER BEACH, FL"
USGS,2247465,"BELLEVUE CANAL AT DAYTONA BEACH, FL"
USGS,2247480,"TIGER BAY CANAL NEAR DAYTONA BEACH, FL"
USGS,2247493,"BAYLESS BLVD CANAL AT DAYTONA BCH, FL"
USGS,2247496,"THAYER CANAL NEAR DAYTONA BEACH, FL"
USGS,2247498,"WALLY HOFFMEYER CANAL AT DAYTONA BCH, FL"
USGS,2247499,"WILLIAMSON BLVD DITCH AT DAYTONA BEACH, FL"
USGS,2247500,"TOMOKA RIVER NR DAYTONA BEACH, FLA."
USGS,2247508,"ELEVENTH ST CANAL NR HOLLY HILL, FL"
USGS,2247509,"ELEVENTH STREET CANAL AT HOLLY HILL, FL"
USGS,2247510,"TOMOKA RIVER NEAR HOLLY HILL, FL"
USGS,2247598,"TOMOKA RIVER NEAR ORMOND BEACH, FL"
USGS,2248000,"SPRUCE CREEK NEAR SAMSULA, FL"
USGS,2248025,"REED CANAL AT SOUTH DAYTONA, FL"
USGS,2248030,"HALIFAX CANAL NEAR HARBOR OAKS, FL"
USGS,2248037,"B-19 CANAL AT WILLOW RUN BLVD NR PORT ORANGE, FL"
USGS,2248040,"B-19 CANAL AT SR415 AT PORT ORANGE, FL"
USGS,2248053,"SPRUCE CREEK NEAR NEW SMYRNA BEACH,FL"
USGS,2248060,"TURNBULL CREEK NEAR NEW SMYRNA BEACH, FL"
USGS,2248350,"TURNBULL CREEK NR OAK HILL, FL"
USGS,2248357,"COUNTY LINE ROAD DITCH NR SCOTTSMOOR,FL"
USGS,2248365,"BIG FLOUNDER CREEK NEAR SCOTTSMOOR, FL"
USGS,2248380,"HAULOVER CANAL NEAR MIMS,FL"
USGS,2248510,"ADDISON CREEK NR TITUSVILLE,FL"
USGS,2248600,"DRAINAGE CANAL AT PLAZA PKWY AT COCOA, FL"
USGS,2248650,"DITCH 19 N OF GUS HIPP BLVD AT ROCKLEDGE, FL"
USGS,2248660,"DITCH 20D S OF GUS HIPP BLVD AT ROCKLEDGE, FL"
USGS,2248900,"HORSE CREEK NR MELBOURNE,FL"
USGS,2249000,"EAU GALLIE RIVER NR EAU GALLIE, FLA."
USGS,2249007,EAU GALLIE RIV AT HEATHER GLEN CIR AT MELBOURNE FL
USGS,2249500,"CRANE CREEK AT MELBOURNE, FL"
USGS,2249518,"CRANE CREEK AT U.S. HIGHWAY 1 AT MELBOURNE,FL"
USGS,2249950,"C-1 CANAL AT RED BUD CIRCLE NEAR PALM BAY,FL"
USGS,2249970,"C-10 CANAL AT MALABAR ROAD AT PALM BAY,FL"
USGS,2249990,"C-69 CANAL AT PALM BAY ROAD AT PALM BAY, FL"
USGS,2250000,"TURKEY CREEK NR PALM BAY, FLA."
USGS,2250005,"MELBOURNE-TILLMAN CANAL AT PALM BAY, FL"
USGS,2250030,"TURKEY CREEK AT PALM BAY, FL"
USGS,2250500,"GOAT CREEK NR VALKARIA, FLA."
USGS,2250600,"KID CREEK AT VALKARIA,FL"
USGS,2250700,"TROUT CREEK AT GRANT,FL"
USGS,2251000,"SOUTH PRONG ST SEBASTIAN RIVER NEAR SEBASTIAN,FL"
USGS,2251500,"NORTH PRONG SAINT SEBASTIAN RIVER NEAR MICCO, FL"
USGS,2251765,"FELLSMERE CANAL NR FELLSMERE, FLA."
USGS,2251767,"FELLSMERE CANAL NEAR MICCO, FL"
USGS,2252500,"NORTH CANAL NEAR VERO BEACH, FL"
USGS,2253000,"MAIN CANAL AT VERO BEACH, FL"
USGS,2253500,"SOUTH CANAL NEAR VERO BEACH, FL"
USGS,2253800,"INDIAN RIVER LAGOON AT SEWALLS PT STUART, FL"
USGS,2255600,"FISHEATING CREEK NEAR LAKE PLACID,FL"
USGS,2256000,"FISHEATING CREEK NR VENUS, FL"
USGS,2256500,"FISHEATING CREEK AT PALMDALE, FL"
USGS,2257000,"FISHEATING CREEK AT LAKEPORT, FL"
USGS,2257030,"FISHEATING LOCK AT S-131 NEAR LAKEPORT, FL"
USGS,2257790,"HARNEY POND CANAL ABOVE S-71 NR LAKEPORT, FL"
USGS,2258000,"HARNEY POND CANAL NEAR LAKEPORT, FL"
USGS,2259000,INDIAN PRAIRIE CANAL NR LAKEPORT FLA
USGS,2259100,"INDIAN PRAIRIE CANAL ABOVE S-72 NR OKEECHOBEE, FL"
USGS,2259200,"INDIAN PRAIRIE CANAL AT S-72 NR OKEECHOBEE, FLA."
USGS,2259500,"INDIAN PRAIRIE CANAL NEAR OKEECHOBEE, FLA."
USGS,2259627,"BUCKHEAD LOCK AT S-127 NR OKEECHOBEE, FL"
USGS,2261500,"MYRTLE-MARY JANE CANAL NR NARCOOSSEE, FLA."
USGS,2262900,"BOGGY CREEK NEAR TAFT, FL"
USGS,2263130,"C-2 CANAL NEAR VINELAND, FL"
USGS,2263500,"ST. CLOUD CANAL AT S-59 NR ST. CLOUD, FLA."
USGS,2263692,"SHINGLE CREEK AT OAK RIDGE ROAD NR PINE CASTLE, FL"
USGS,2263800,"SHINGLE CREEK AT AIRPORT NEAR KISSIMMEE, FL"
USGS,2263851,"BAY LAKE OUTLET AT S-105A, NEAR VINELAND, FLA."
USGS,2263869,"SOUTH LAKE OUTLET AT S-15, NEAR VINELAND, FL"
USGS,2264000,"CYPRESS CREEK AT VINELAND, FL"
USGS,2264003,"CYPRESS CREEK CANAL AT S-103A NEAR VINELAND, FL"
USGS,2264030,LK BUENA VIS TR AT HOTEL PL BLVD AT LK BUENA VISTA
USGS,2264051,"BLACK LK OUTLET AT S-101A, AT LAKE BUENA VISTA, FL"
USGS,2264060,"LATERAL 101 AT S-101, NEAR LAKE BUENA VISTA, FL"
USGS,2264100,"BONNET CREEK NEAR VINELAND, FL"
USGS,2264140,"BONNET CREEK NEAR KISSIMMEE, FL"
USGS,2264495,"SHINGLE CREEK AT CAMPBELL, FL"
USGS,2265000,"SOUTH PORT CANAL AT S-61 NR ST. CLOUD, FLA."
USGS,2266000,"CANOE CREEK NR ST. CLOUD, FLA."
USGS,2266025,"REEDY CREEK AT S-46 NEAR VINELAND, FL"
USGS,2266200,"WHITTENHORSE CREEK NEAR VINELAND, FL"
USGS,2266205,"WHITTENHORSE CREEK AT S-411, NEAR VINELAND, FL"
USGS,2266291,"LATERAL 405 AT S-405A, NEAR DOCTOR PHILLIPS, FL"
USGS,2266293,"10B LATERAL 405 AB S-405 NEAR VINELAND, FLA"
USGS,22662947,"CANAL 405 AT FORCE MAIN NEAR VINELAND, FL"
USGS,2266295,"LATERAL 410 AT S-410 NEAR VINELAND, FL"
USGS,2266298,"REEDY CREEK ABOVE HW-192 NEAR VINELAND, FL"
USGS,2266300,"REEDY CREEK NEAR VINELAND, FL"
USGS,2266320,"REEDY CREEK AT I-4 NEAR LOUGHMAN, FL"
USGS,2266480,"DAVENPORT CREEK NEAR LOUGHMAN, FL"
USGS,2266495,"REEDY CREEK AT S-40, NEAR LOUGHMAN, FL"
USGS,2266496,"REEDY CREEK BELOW S-40, NEAR LOUGHMAN, FL"
USGS,2266500,"REEDY CREEK NEAR LOUGHMAN, FL"
USGS,2266700,"HORSE CREEK AT DAVENPORT, FLA."
USGS,2267000,"CATFISH CREEK NEAR LAKE WALES, FL"
USGS,2267500,"KISSIMMEE RIVER NR LAKE WALES, FLA."
USGS,2268390,TIGER CREEK NEAR BABSON PARK FL
USGS,2268903,"KISSIMMEE RIVER AT S-65,NEAR LAKE WALES, FLA."
USGS,2269000,"KISSIMMEE R BL LAKE KISSIMMEE NR LAKE WALES, FLA"
USGS,2269160,"KISSIMMEE RIVER AT PC-33 NEAR BASINGER, FL"
USGS,2269500,REEDY CREEK NEAR FROSTPROOF FL
USGS,2269520,LIVINGSTON CREEK NEAR FROSTPROOF FL
USGS,2270000,CARTER CREEK NEAR SEBRING FL
USGS,2270500,"ARBUCKLE CREEK NEAR DE SOTO CITY, FL"
USGS,2270805,PLACID-JUNE CANAL OUTFALL NEAR LAKE PLACID FL
USGS,2271000,STEARNS CREEK NEAR LAKE PLACID FL
USGS,2271500,JOSEPHINE CREEK NEAR DE SOTO CITY FL
USGS,2272000,"ISTOKPOGA CANAL NR CORNWELL, FLA."
USGS,2272500,"KISSIMMEE RIVER NEAR BASINGER, FL"
USGS,2272502,KISSIMMEE RIVER AT LOCKETT EST AT FORT BASINGER FL
USGS,2272650,"FISH SLOUGH NEAR BASINGER, FL"
USGS,2272676,"CYPRESS SLOUGH NEAR BASINGER, FL"
USGS,2273000,"KISSIMMEE RIVER AT S-65E NEAR OKEECHOBEE, FL"
USGS,2273198,"C-41A CANAL NEAR LAKE PLACID, FL"
USGS,2273200,"CANAL 41A AT S-68 NEAR LAKE PLACID, FLA."
USGS,2273230,"C-41 CANAL NEAR BRIGHTON, FL"
USGS,2273300,"CANAL 41A AT S-84, NEAR OKEECHOBEE, FLA."
USGS,2273630,"POPASH SLOUGH NEAR OKEECHOBEE, FL"
USGS,2274000,"TAYLOR CREEK NR BASINGER, FL"
USGS,2274005,"OTTER CREEK NEAR OKEECHOBEE, FL"
USGS,2274010,"TAYLOR CREEK NEAR OKEECHOBEE, FL"
USGS,2274325,"TAYLOR CREEK AT GRASSY ISLAND NR OKEECHOBEE, FL"
USGS,2274490,"WILLIAMSON DITCH NEAR OKEECHOBEE, FL"
USGS,2274495,"WILLIAMSON DITCH AT S-7, NEAR OKEECHOBEE, FLA."
USGS,2274500,"TAYLOR CREEK AB OKEECHOBEE, FLA."
USGS,2274505,"WOLFF CREEK NR OKEECHOBEE,FL"
USGS,2275000,"TAYLOR CREEK AT OKEECHOBEE, FLA."
USGS,2275197,"MOSQUITO CREEK NEAR OKEECHOBEE, FL"
USGS,2275503,"TAYLOR CREEK AT HGS-6 NEAR OKEECHOBEE, FL"
USGS,2275606,"NUBBIN SLOUGH NEAR SHERMAN, FL"
USGS,2275625,"NUBBIN SLOUGH NEAR OKEECHOBEE, FL"
USGS,2275631,"L-63S CANAL NEAR OKEECHOBEE, FL"
USGS,2275705,HENRY CREEK AT HENRY CRK LOCK NR SHERMAN
USGS,2276568,SAVANNAHS DRAINAGE CANAL AT PORT ST LUCIE FL
USGS,2276575,"N FORK ST LUCIE RIVER AT VETERANS PK, PT ST LUCIE"
USGS,2276870,"ST. LUCIE CANAL AT LAKE OKEECHOBEE, FLA."
USGS,2276877,"ST. LUCIE CANAL BLW S-308, NR PORT MAYACA (AUX) FL"
USGS,2276998,ST LUCIE CANAL ABV S-80 NR STUART FL
USGS,2277000,ST LUCIE CA AT LOCK NR STUART FLA
USGS,2277100,"ST LUCIE RIVER AT SPEEDY POINT, STUART FL"
USGS,2277110,ST LUCIE ESTUARY AT A1A (STEELE PT)STUART FL
USGS,2277600,"LOXAHATCHEE RIVER NEAR JUPITER,FL"
USGS,2277700,22  C-18 CA AB S-46 @ SR 706 NR JUPITER FL
USGS,2277900,"CANAL M NEAR MAGNOLIA PARK, FLA."
USGS,2278000,WEST PALM BEACH CANAL AT S352 AT CANAL POINT FLA
USGS,2278450,"WEST PALM BEACH C ABV S-5A,NRLOXAHATCHEE, FLA"
USGS,2278500,DIV TO CONSERVATION AREA AT S-5A NRLOXAHATCHEE
USGS,2278550,"LEVEE 8 CA AT W PALM BCH CA NR LOXAHATCHEE, FLA"
USGS,2278600,"WEST PALM BEACH CA BL S-5A-E NR LOXAHATCHEE, FLA"
USGS,2279000,WEST PALM BEACH CANAL AT WEST PALM BEACH FLA
USGS,2280500,HILLSBORO CANAL BELOW S351 NR SOUTH BAY FLA
USGS,2281200,HILLSBORO CANAL AT S-6 NEAR SHAWANO
USGS,2281300,10B HILLSBORO CANAL AT S-39 NR DEERFIELD BCH
USGS,2281400,"HILLSBORO CANAL NR MARGATE, FLA."
USGS,2281490,"C-2 CANAL ABOVE S-4 NEAR DEERFIELD BEACH, FL"
USGS,2281500,"HILLSBORO CANAL NR. DEERFIELD BEACH,FLA"
USGS,2282000,POMPANO CA AT POMPANO BEACH FLA
USGS,2282100,"CYPRESS CREEK C AT S-37A, NR POMPANO BEACH, FLA"
USGS,2282700,"MIDDLE RIVER CANAL AT S-36 NR FT LAUDERDALE, FL"
USGS,2283200,"PLANTATION RD CA AT S-33 NR FT LAUDERDALE, FL"
USGS,2283498,N NEW RIVER CA AT S-2 AND S351 NR SOUTH BAY FL
USGS,2283500,N NEW RIVER CANAL BELOW S351 NR SOUTH  BAY FLA
USGS,2284300,"NORTH NEW RIVER CANAL AT S-7, AT TERRYTOWN,  FL"
USGS,2284700,"NORTH NEW RIVER CA AT 20 MI BEND NR FT LAUD, FL"
USGS,2285000,"NORTH NEW RIVER CANAL NEAR FT LAUDERDALE, FL"
USGS,2285400,"SOUTH NEW RIVER CANAL AT S-9 NR DAVIE, FL"
USGS,2286100,"SOUTH NEW RIVER CANAL AT S-13 NR DAVIE, FL"
USGS,2286200,"SNAKE CREEK CANAL AT NW67 AVE NR HIALEAH, FL"
USGS,2286300,"SNAKE CREEK CA AT S-29 AT NORTH MIAMI BEACH, FL"
USGS,2286328,"C-8 CANAL AT NE 135 ST AT NORTH MIAMI, FL"
USGS,2286380,"LITTLE RIVER CANAL AT S-27 AT MIAMI, FL"
USGS,2286400,"MIAMI CANAL AT S-354 AND S-3 AT LAKE HARBOR, FLA"
USGS,2287395,"MIAMI CANAL EAST OF LEVEE 30 NEAR MIAMI, FL"
USGS,2287400,MIAMI CA AT BROKEN DAM NR MIAMI FLA
USGS,2287497,N.W. WELLFIELD CANAL NR DADE BROWARD LEVEE NR PENN
USGS,2288010,"N.W. WELLFIELD CANAL NR PENNSUCO, FL"
USGS,2288200,MIAMI CANAL AT PALMETTO BYPASS  NR HIALEAH
USGS,2288600,"MIAMI CANAL AT NW36 ST, MIAMI,FL"
USGS,2288800,"TAMIAMI CANAL OUTLETS, MONROE TO CARNESTOWN, FLA"
USGS,2288900,"TAMIAMI CANAL OUTLETS, 40-MILE BEND TO MONROE, FL"
USGS,22889001,TAMIAMI CANAL 11 MILE ROAD TO MONROE STATION FL
USGS,2289000,"TAMIAMI CANAL OUTLETS, MIAMI TO MONROE, FLA."
USGS,2289019,"TAMIAMI CANAL AT S-12-B  NR MIAMI, FL"
USGS,2289027,"DRAINAGE CANAL BELOW G-136 NR CLEWISTON, FL"
USGS,2289030,"LEVEE 3 CANAL NR CLEWISTON, FLA"
USGS,2289031,"LEVEE 3 CANAL BELOW G-155 NR CLEWISTON, FL"
USGS,2289032,"LEVEE 4 CANAL BELOW G-88 NR CLEWISTON, FL"
USGS,2289035,"THREE MILE CANAL BELOW G409 NEAR CLEWISTON, FL"
USGS,2289040,"TAMIAMI C OUTLETS L67A TO 40 MI BND NR MIAMI, FL"
USGS,2289041,"TAMIAMI CANAL BELOW S-12-C, NEARMIAMI, FLA"
USGS,2289050,"TAMIAMI CANAL AT S-333 NR MIAMI, FL"
USGS,2289060,"TAMIAMI CANAL OUTLETS L-30 TO L-67A NR MIAMI, FL"
USGS,2289080,"TAMIAMI CANAL WEST END 1 MILE BRIDGE NR MIAMI, FL"
USGS,2289085,"TAMIAMI CANAL EAST END 1 MILE BRIDGE NR MIAMI, FL"
USGS,2289096,N.W. WELLFIELD CANAL AT CONS AREA NO.3 NR PENNSUCO
USGS,2289500,"TAMIAMI CANAL NEAR CORAL GABLES, FL"
USGS,2290700,"SNAPPER CREEK CANAL AT S-22 NEAR SOUTH MIAMI, FL"
USGS,229070838,"C-1 CANAL 900 FT ABOVE S-148 NEAR GOULDS, FL"
USGS,22907085,"BLACK CREEK CANAL WEST OF U.S. 1 NR  GOULDS, FL"
USGS,2290709,10B BLACK CR CANAL AT OLD CUTLER RD NR GOU
USGS,2290710,"BLACK CREEK CANAL AT S-21 NEAR GOULDS, FL"
USGS,2290725,MOWRY CANAL NEAR HOMESTEAD
USGS,22907647,LEVEE 31 NORTH EXTENSION 1 MILE NR WEST MIAMI FL
USGS,2290765,LEVEE 31 NORTH EXTENSION AT 3 MILE NR WEST MIAMI F
USGS,2290766,LEVEE 31 NORTH EXTENSION AT 4 MILE NR WEST MIAMI F
USGS,2290767,LEVEE 31 NORTH EXTENSION AT 5 MILE NR WEST MIAMI F
USGS,2290768,LEVEE 31 NORTH EXTENSION AT 7 MILE NR WEST MIAMI F
USGS,2290769,"CANAL 111 AT S-18-C NEAR FLORIDA CITY, FL"
USGS,22908205,"NORTH RIVER UPSTREAM OF CUTOFF NEAR FLAMINGO, FL"
USGS,22908295,"BOTTLE CREEK AT ROOKERY BRANCH NEAR HOMESTEAD, FL"
USGS,2290829501,MO  -198
USGS,2290829502,MO  -199
USGS,2290878,"BROAD RIVER NEAR THE CUTOFF, FL"
USGS,2290888,"CHATHAM RIVER NEAR THE WATSON PLACE, FL"
USGS,2290918,"LOSTMANS RIVER BELOW SECOND BAY, FL"
USGS,2290928,"BARRON RIVER AT EVERGLADES CITY, FL"
USGS,2290930,"TURNER RIVER NR CHOKOLOSKEE ISLAND, FL"
USGS,2290940,"NEW RIVER AT SUNDAY BAY, FL"
USGS,2290942,"LOPEZ RIVER NEAR LOPEZ CAMPSITE, FL"
USGS,2290947,SWEETWATER STRAND AT LOOP RD. NR MONROE STATION FL
USGS,22909471,LOOP RD CULVERTS MONROE STATION TO FLA TRL FL
USGS,2291000,"BARRON RIVER NR EVERGLADES, FLA."
USGS,2291001,"BARRON RIVER BELOW SR29-3 AT COPELAND, FL"
USGS,2291310,"GORDON RIVER AT ROWING CLUB POINT NEAR NAPLES, FL"
USGS,2291315,"NAPLES BAY AT CITY DOCK NEAR NAPLES, FL"
USGS,2291325,"NAPLES BAY MID-ESTUARY NEAR NAPLES, FL"
USGS,2291330,"NAPLES BAY AT GORDON PASS NEAR NAPLES, FL"
USGS,2291500,"IMPERIAL RIVER NEAR BONITA SPRINGS, FL"
USGS,2291524,"SPRING CREEK HEADWATER NEAR BONITA SPRINGS, FL"
USGS,2291580,"NORTH BRANCH ESTERO RIVER AT ESTERO, FL"
USGS,2291597,"SOUTH BRANCH ESTERO RIVER AT ESTERO, FL"
USGS,2291669,"SIXMILE CYPRESS CREEK NEAR FORT MYERS,  FL"
USGS,2291670,"SIXMILE CYPRESS CREEK SOUTH NEAR FORT MYERS, FL"
USGS,2291673,"TENMILE CANAL AT CONTROL NEAR ESTERO, FL"
USGS,2291710,"BRIARCLIFF DITCH AT MOUTH NEAR ESTERO,FL"
USGS,2291715,"LAKE OUTFALL, HENDRY CREEK AT GLADIOLUS DR FT MYER"
USGS,2291717,LAKE OUTFALL TO HENDRY CREEK SUMMERLIN RD FT MYERS
USGS,2292000,CALOOSAHATCHEE CA AT MOORE HAVEN FLA
USGS,2292010,CALOOSAHATCHEE CANAL DWS OF S-77 AT MOORE HAVEN FL
USGS,2292480,CALOOSAHATCHEE CANAL AT ORTONA LOCK NR LA BELLE
USGS,2292780,"TOWNSEND CANAL NEAR ALVA,FL"
USGS,2292900,"CALOOSAHATCHEE RIVER AT S-79, NR.OLGA, FLA"
USGS,22929176,"TELEGRAPH CREEK AT STATE HIGHWAY AT OLGA, FL"
USGS,2293055,"ORANGE RIVER NEAR BUCKINGHAM, FL"
USGS,2293190,BILLYS CR AT FT MYERS FL
USGS,2293205,CALOOSAHATCHEE RIVER AT CHANNEL MARKER 52 NR. FT.
USGS,2293210,"CALOOSAHATCHEE RIVER AT SHELL POINT NEAR IONA, FL"
USGS,2293214,"MEADE CANAL AT CAPE CORAL, FL"
USGS,2293216,"MACKINAC CANAL AT CAPE CORAL, FL"
USGS,2293230,"WHISKEY CREEK AT FT. MYERS, FL"
USGS,2293240,"ARIES CANAL AT CAPE CORAL, FL"
USGS,2293241,"SAN CARLOS CANAL AT CAPE CORAL, FL"
USGS,2293243,"COURTNEY CANAL AT CAPE CORAL, FL"
USGS,2293249,McIntyre Creek at Sanibel Island
USGS,2293252,"DURDEN CREEK NR CAPE CORAL, FL"
USGS,2293254,"YUCCA PENS CREEK NR CAPE CORAL, FL"
USGS,2293261,GATOR SLOUGH AT US41 NEAR FT MYERS FL
USGS,2293262,GATOR SLOUGH WEST OF US-41 NEAR FT. MYERS FL
USGS,2293263,"GATOR SLOUGH ABOVE WEIR 19 AT CAPE CORAL, FL"
USGS,2293264,"GATOR SLOUGH AT SR 765 AT CAPE CORAL, FL"
USGS,2293344,NORTH SPREADER CANAL AT CIETUS BOAT L. CAPE CORAL
USGS,22933442,"BREACH 1 IN NORTH SPREADER CANAL AT CAPE CORAL, FL"
USGS,2293345,"SHADROE CANAL AT CAPE CORAL, FL"
USGS,22933452,"BREACH 2 IN NORTH SPREADER CANAL AT CAPE CORAL, FL"
USGS,2293346,"HORSESHOE CANAL AT CAPE CORAL, FL"
USGS,22933462,"BREACH 3 IN NORTH SPREADER CANAL AT CAPE CORAL, FL"
USGS,2293347,"HERMOSA CANAL AT CAPE CORAL, FL"
USGS,2293348,"BREACH 4 IN NORTH SPREADER CANAL AT CAPE CORAL, FL"
USGS,2293349,"BREACH 6 IN NORTH SPREADER CANAL AT CAPE CORAL, FL"
USGS,2293350,"BREACH 7 IN NORTH SPREADER CANAL AT CAPE CORAL, FL"
USGS,2293390,NORTH PRONG ALLIGATOR CREEK NEAR PUNTA GORDA FL
USGS,2293694,PEACE CREEK DRAINAGE CANAL NEAR DUNDEE FL
USGS,2293763,LAKE STARR AT WAVERLY FL
USGS,2293986,PEACE CREEK DRAINAGE CANAL NEAR ALTURAS FL
USGS,2293987,PEACE CREEK DRAINAGE CANAL NEAR WAHNETA FL
USGS,2294068,LULU LAKE OUTLET AT ELOISE FL
USGS,2294161,PEACE CREEK NEAR BARTOW FL
USGS,2294217,SADDLE CREEK AT ST.HWY 542 NEAR LAKELAND FL
USGS,2294260,LAKE PARKER OUTLET AT LAKELAND FL
USGS,2294290,SADDLE CREEK AT STATE HWY 570 NEAR EATON PARK FL
USGS,2294330,LAKE LENA RUN NEAR AUBURNDALE FL
USGS,2294405,"BANANA-HANCOCK CANAL NR HIGHLAND CITY, FL"
USGS,2294491,SADDLE CREEK AT STRUCTURE P-11 NEAR BARTOW FL
USGS,2294650,PEACE RIVER AT BARTOW FL
USGS,2294655,PEACE RIVER NEAR BARTOW FL
USGS,2294747,SIXMILE CREEK AT BARTOW FL
USGS,2294759,PHOSPHATE MINE OUTFALL CS-8 NEAR BARTOW FL
USGS,2294760,BARBER BRANCH NEAR HOMELAND FL
USGS,2294775,PEACE RIVER AT CLEAR SPRINGS NEAR BARTOW FL
USGS,2294781,PEACE RIVER NEAR HOMELAND FL
USGS,2294898,PEACE RIVER AT FORT MEADE FL
USGS,2295013,BOWLEGS CREEK NEAR FORT MEADE FL
USGS,2295163,WHIDDEN CREEK NEAR FORT MEADE FL
USGS,2295194,PEACE RIVER AT BOWLING GREEN FL
USGS,2295420,PAYNE CREEK NEAR BOWLING GREEN FL
USGS,2295435,HOG BRANCH NEAR WACHULA FL
USGS,2295520,LITTLE CHARLIE CREEK NEAR BOWLING GREEN FL
USGS,2295580,LITTLE CHARLIE CREEK NEAR MOUTH NEAR WAUCHULA FL
USGS,2295637,PEACE RIVER AT ZOLFO SPRINGS FL
USGS,2295755,HICKORY CREEK NEAR ONA FL
USGS,2295850,OAK CREEK NEAR ONA FL
USGS,2296057,BUCKHORN CREEK NEAR GRIFFINS CORNER FL
USGS,2296222,LITTLE CHARLEY BOWLEGS C AB CT NEAR SEBRING FL
USGS,2296223,LITTLE CHARLEY BOWLEGS CREEK NEAR SEBRING FL
USGS,2296260,CHARLIE CREEK NEAR CREWSVILLE FL
USGS,2296389,OAK CREEK NEAR GARDNER FL
USGS,2296500,CHARLIE CREEK NEAR GARDNER FL
USGS,2296750,PEACE RIVER AT ARCADIA FL
USGS,2297000,10D JOSHUA CREEK NEAR ARCADIA FL
USGS,2297100,JOSHUA CREEK AT NOCATEE FL
USGS,2297105,PEACE RIVER AT NOCATEE FL
USGS,2297153,WEST FORK HORSE CREEK NEAR MYAKKA HEAD FL
USGS,2297155,HORSE CREEK NEAR MYAKKA HEAD FL
USGS,2297220,BRUSHY CREEK NEAR LILLY FL
USGS,2297272,BRANDY BRANCH AT PINE LEVEL FL
USGS,2297290,BUZZARD ROOST BRANCH NEAR PINE LEVEL FL
USGS,2297310,HORSE CREEK NEAR ARCADIA FL
USGS,2297345,PEACE RIVER AT PLATT FL
USGS,2297350,PEACE RIVER NR PEACE RIVER HEIGHTS NR FT. OGDEN FL
USGS,2297460,PEACE RIVER AT HARBOUR HEIGHTS FL
USGS,2297600,SHELL CREEK AT CIRCLE K GROVES NEAR FT OGDEN FL
USGS,2297635,SHELL CREEK ON CR 764 NEAR PUNTA GORDA FL
USGS,2298110,PRAIRIE CREEK UPSTREAM OF SR 31 NEAR FT OGDEN FL
USGS,2298123,PRAIRIE CREEK NEAR FORT OGDEN FL
USGS,2298124,PRAIRIE CREEK DOWNSTREAM NEAR FT OGDEN FL
USGS,2298170,PRAIRIE CREEK ON CR 764 NEAR PUNTA GORDA FL
USGS,2298202,SHELL CREEK NEAR PUNTA GORDA FL
USGS,2298208,SHELL CREEK TIDAL (2.8 RM) NEAR PUNTA GORDA FL
USGS,2298300,PEACE RIVER AT PUNTA GORDA FL
USGS,2298488,MYAKKA RIVER UPST FROM YOUNGS CK NR MYAKKA CITY FL
USGS,2298492,LONG CREEK NEAR MYAKKA CITY FL
USGS,2298494,FLATFORD SWAMP NR MYAKKA RIVER NR MYAKKA CITY FL
USGS,2298495,MAPLE CREEK NEAR MYAKKA CITY FL
USGS,2298527,OGLEBY CK DNSTR FROM BOGGY CK NEAR MYAKKA CITY FL
USGS,2298530,COKER CREEK NEAR MYAKKA CITY FL
USGS,2298554,MYAKKA RIVER NEAR MYAKKA CITY FL
USGS,2298556,MYAKKA RIVER ABOVE MYAKKA CITY FL
USGS,2298608,MYAKKA RIVER AT MYAKKA CITY FL
USGS,2298700,MYAKKA RIVER AT STATE ROAD 780 NEAR VERNA FL
USGS,2298760,HOWARD CREEK NEAR SARASOTA FL
USGS,2298805,MYAKKA RIVER BL UPPER MYAKKA LK NEAR SARASOTA FL
USGS,2298830,MYAKKA RIVER NEAR SARASOTA FL
USGS,2298850,MYAKKA R BL LOWER MYAKKA LK NEAR SARASOTA FL
USGS,2298880,MYAKKA RIVER AT CONTROL NEAR LAUREL FL
USGS,2298928,TRIBUTARY TO MYAKKA RIVER NEAR VENICE FL
USGS,2298955,MYAKKA R AT SNOOK HAVEN CAMP NEAR VENICE FL
USGS,2299060,DEER PRAIRIE SLOUGH NEAR MYAKKA CITY FL
USGS,2299120,DEER PRAIRIE SLOUGH AT POWER LINE NR NORTH PORT FL
USGS,2299160,DEER PRAIRIE SLOUGH NEAR NORTH PORT CHARLOTTE  FL
USGS,2299230,MYAKKA RIVER AT NORTH PORT CHARLOTTE FL
USGS,2299260,WARM MINERAL SPRINGS NEAR WOODMERE FL
USGS,2299410,BIG SLOUGH CANAL NEAR MYAKKA CITY FL
USGS,2299450,BIG SLOUGH AT TROPICAIRE BLVD NEAR NORTH PORT FL
USGS,2299455,BIG SLOUGH CANAL AT N. PORT CHARLOTTE FL
USGS,2299470,BIG SLOUGH NEAR MURDOCK FL
USGS,2299472,BIG SLOUGH AT WEST PRICE BLVD NEAR NORTH PORT FL
USGS,2299482,COCOPLUM WATERWAY AT NORTH PORT FL
USGS,2299484,BIG SLOUGH AT WCS-101 AT NORTH PORT FL
USGS,2299496,MYAKKA R AT EL JOBEAN FL
USGS,2299680,TRIBUTARY TO ROCK CREEK NEAR ENGLEWOOD FL
USGS,2299681,TRIBUTARY TO GOTTFRIED CK NEAR ENGLEWOOD FL
USGS,2299684,FORKED CREEK NEAR ENGLEWOOD FL
USGS,2299692,BLACKBURN CANAL NEAR VENICE FL
USGS,2299700,COW PEN SLOUGH NEAR BEE RIDGE FL
USGS,2299710,COW PEN SLOUGH AT CONTROL NEAR BEE RIDGE FL
USGS,2299727,SHAKETT CREEK NEAR NOKOMIS FL
USGS,2299730,DONNA BAY AT HIGHWAY 41 AT NOKOMIS FL
USGS,2299732,VENICE HARBOR AT VENICE YACHT CLUB AT VENICE FL
USGS,2299733,DONNA BAY AT NOKOMIS FL
USGS,2299734,CURRY CREEK AT HIGHWAY 41 AT NOKOMIS FL
USGS,2299735,VENICE INLET AT CROW'S NEST MARINA AT VENICE FL
USGS,2299737,SOUTH CREEK NEAR VAMO FL
USGS,2299741,CATFISH CREEK NEAR OSPREY FL
USGS,2299742,CLOWER CREEK AT VAMO FL
USGS,2299750,PHILLIPPEE CREEK NEAR SARASOTA FL
USGS,2299780,PHILLIPPI CREEK NEAR BEE RIDGE FL
USGS,2299861,WALKER CREEK NEAR SARASOTA FL
USGS,2299950,MANATEE RIVER NEAR MYAKKA HEAD FL
USGS,2300000,MANATEE RIVER NEAR BRADENTON FL
USGS,2300009,MANATEE RIVER AT DEVILS ELBOW NEAR FT HAMER FL
USGS,23000095,MANATEE RIVER AT RYE FL
USGS,2300017,GAMBLE CREEK AT COUNTY ROAD 675 NEAR PARRISH FL
USGS,2300018,GAMBLE CREEK NEAR PARRISH FL
USGS,2300021,MANATEE RIVER AT FORT HAMER FL
USGS,2300032,BRADEN RIVER NEAR LORRAINE FL
USGS,2300033,BRADEN RIV AT LAKEWOOD RANCH NR LORRAINE FL
USGS,2300034,HICKORY HAMMOCK CREEK NEAR LORRAINE FL
USGS,23000355,COOPER CREEK AT UNIVERSITY PARKWAY NR SARASOTA FL
USGS,2300036,TRIBUTARY NO. 1 TO COOPER CREEK NEAR LORRAINE FL
USGS,2300037,CEDAR CREEK NEAR SARASOTA FL
USGS,2300038,RATTLESNAKE SLOUGH NEAR SARASOTA FL
USGS,2300039,NONSENSE CREEK NEAR BRADENTON FL
USGS,2300042,WARD LAKE NEAR BRADENTON FL
USGS,2300044,BRADEN RIVER NEAR ELWOOD PARK FL
USGS,2300050,WILLIAMS CREEK NEAR BRADENTON FL
USGS,2300056,GAP CREEK NEAR BRADENTON FL
USGS,2300062,GLEN CREEK NEAR BRADENTON FL
USGS,2300064,BRADEN RIVER AT BRADENTON FL
USGS,2300075,FROG CREEK AT BUFFALO ROAD NEAR RUBONIA FL
USGS,2300082,FROG CREEK NEAR RUBONIA FL
USGS,23000825,FROG CREEK AT BISHOP HARBOR ROAD NEAR RUBONIA FL
USGS,2300084,FROG CREEK BELOW BISHOP HARBOR ROAD NR RUBONIA FL
USGS,23000842,TIDAL CREEK TRIBUTARY TO FROG CREEK NR RUBONIA FL
USGS,23000843,FROG CREEK ABOVE TERA CEIA BAY NEAR RUBONIA FL
USGS,2300092,LT MANATEE R AT TAYLOR-GILL RD NEAR FT LONESOME FL
USGS,2300096,ALDERMAN CREEK NEAR FT. LONESOME FL
USGS,2300100,LITTLE MANATEE RIVER NEAR FT. LONESOME FL
USGS,2300130,CARLTON BRANCH NEAR WIMAUMA FL
USGS,2300210,SOUTH FORK LITTLE MANATEE RIVER NEAR PARRISH FL
USGS,2300300,SOUTH FORK LITTLE MANATEE RIVER NEAR WIMAUMA FL
USGS,2300430,DUG CREEK NEAR WIMAUMA FL
USGS,2300500,LITTLE MANATEE RIVER NEAR WIMAUMA FL
USGS,2300530,CYPRESS CREEK NEAR WIMAUMA FL
USGS,2300542,LITTLE MANATEE RIVER AT I-75 NEAR RUSKIN FL
USGS,2300546,LITTLE MANATEE R AT RUSKIN FL
USGS,2300554,LITTLE MANATEE RIVER AT SHELL POINT NEAR RUSKIN FL
USGS,2300700,BULLFROG CREEK NEAR WIMAUMA FL
USGS,2300705,BULLFROG CREEK AT GIBSONTON FL
USGS,2300882,NORTH PRONG ALAFIA RIVER NEAR NICHOLS FL
USGS,2301000,NORTH PRONG ALAFIA RIVER AT KEYSVILLE FL
USGS,2301150,SOUTH PRONG ALAFIA RIVER NEAR FT LONESOME FL
USGS,2301300,SOUTH PRONG ALAFIA RIVER NEAR LITHIA FL
USGS,2301314,MIZELL CREEK NEAR KEYSVILLE FL
USGS,2301350,LITTLE ALAFIA RIVER NEAR HOPEWELL FL
USGS,2301500,ALAFIA RIVER AT LITHIA FL
USGS,2301600,LITHIA SPRINGS NEAR LITHIA FL
USGS,2301638,ALAFIA RIVER AT BELL SHOALS NEAR RIVERVIEW FL
USGS,2301695,BUCKHORN CREEK NEAR BRANDON FL
USGS,2301706,ALAFIA RIVER NEAR RIVERVIEW FL
USGS,2301718,ALAFIA RIVER AT RIVERVIEW FL
USGS,2301719,ALAFIA RIVER NEAR GIBSONTON FL
USGS,2301721,ALAFIA RIVER AT GIBSONTON FL
USGS,2301738,ARCHIE CREEK AT 78TH STREET NEAR TAMPA FL
USGS,2301740,NORTH ARCHIE CREEK AT PROGRESS BLVD. NEAR TAMPA FL
USGS,2301745,DELANEY CREEK POPOFF CANAL NEAR TAMPA FL
USGS,2301750,DELANEY CREEK NEAR TAMPA FL
USGS,2301793,EAST LAKE OUTFALL AT E. CHELSEA ST. NEAR TAMPA FL
USGS,2301800,SIXMILE CREEK AT TAMPA FL
USGS,2301802,"TAMPA BYPASS CANAL AT S-160,AT TAMPA FL"
USGS,2301805,PALM RIVER AT MOUTH AT TAMPA FL
USGS,2301900,"FOX BRANCH NEAR SOCRUM, FL"
USGS,2301988,HILLSBOROUGH RIVER AT HWY 39 NR CRYSTAL SPRINGS FL
USGS,2301990,HILLSBOROUGH R AB CRYSTAL SPR NEAR ZEPHYRHILLS FL
USGS,2302010,HILLSBOROUGH R BL CRYSTAL SPR NEAR ZEPHYRHILLS FL
USGS,2302280,ITCHEPACKESASSA CREEK NEAR MORICZVILLE FL
USGS,2302500,BLACKWATER CREEK NEAR KNIGHTS FL
USGS,2303000,HILLSBOROUGH RIVER NEAR ZEPHYRHILLS FL
USGS,2303090,NEW RIVER NEAR WESLEY CHAPEL Fl
USGS,2303100,NEW RIVER NEAR ZEPHYRHILLS FL
USGS,2303174,WESTSIDE CANAL AT PLANT CITY FL
USGS,2303180,PEMBERTON CK AT WALLACE BRANCH RD NR PLANT CITY FL
USGS,2303200,PEMBERTON CREEK NEAR DOVER FL
USGS,2303205,BAKER CREEK AT MCINTOSH ROAD NEAR ANTIOCH FL
USGS,2303250,T. GALLAGHER DITCH NEAR DOVER  FL
USGS,2303300,FLINT CREEK NEAR THONOTOSASSA FL
USGS,2303313,CAMPBELL BRANCH NEAR THONOTASSSSA FL
USGS,2303330,HILLSBOROUGH R AT MORRIS BR NEAR THONOTOSASSA FL
USGS,2303348,TROUT CREEK AT WESLEY CHAPEL FL
USGS,2303350,TROUT CREEK NEAR SULPHUR SPRINGS FL
USGS,2303351,MORRIS BRIDGE BACKWASH POND OUTFLOW NR THONOTOSASS
USGS,2303358,CYPRESS CREEK NEAR DARBY FL
USGS,2303400,CYPRESS CREEK NEAR SAN ANTONIO FL
USGS,2303408,CYPRESS CREEK NEAR DREXEL FL
USGS,2303410,CYPRESS CREEK TRIBUTARY NR WESLEY CHAPEL FL
USGS,2303420,CYPRESS CREEK AT WORTHINGTON GARDENS FL
USGS,2303500,HANNA LAKE OUTLET NR LUTZ
USGS,2303800,CYPRESS CREEK NEAR SULPHUR SPRINGS FL
USGS,2304000,HILLSBOROUGH R AT FOWLER AV NEAR TEMPLE TERRACE FL
USGS,2304500,HILLSBOROUGH RIVER NEAR TAMPA FL
USGS,2304510,HILLSBOROUGH RIVER AT ROWLETT PK DR NEAR TAMPA FL
USGS,2304515,HILLSBOROUGH RIVER AT HANNA'S WHIRL AT TAMPA FL
USGS,2304517,HILLSBOROUGH R BL HANNAHS WHIRL NR SULPHUR SPGS FL
USGS,2304520,HILLSBOROUGH RIVER AT SULPHUR SPRINGS FL
USGS,2305000,HUTCHINS LAKE OUTLET NEAR LUTZ FL
USGS,2305500,DR DITCH AT BEARS AVE NEAR SULPHUR SPRINGS FL
USGS,2305780,CURIOSITY CREEK NEAR SULPHUR SPRINGS FL
USGS,2305851,CURIOSITY CREEK AT 122ND AVE NEAR SULPHUR SPGS. FL
USGS,2306000,SULPHUR SPRINGS AT SULPHUR SPRINGS FL
USGS,23060003,SULPHUR SPRINGS RUN AT SULPHUR SPRINGS FL
USGS,23060005,SULPHUR SPRINGS MOUTH AT SULPHUR SPRINGS FL
USGS,23060013,HILLSBOROUGH R. AT I-275 BRIDGE AT SULPHUR SPGS FL
USGS,2306002,ARTIC STREET STORM DRAIN AT SULPHUR SPRINGS FL
USGS,2306006,KIRBY STREET DRAINAGE DITCH AT TAMPA FL
USGS,2306021,ST. LOUIS STREET DRAINAGE DITCH AT TAMPA FL
USGS,2306028,HILLSBOROUGH RIVER AT PLATT STREET AT TAMPA FL
USGS,2306032,HILLSBOROUGH BAY AT BALLAST POINT AT TAMPA FL
USGS,2306071,GANDY BOULEVARD DRAINAGE DITCH AT TAMPA FL
USGS,2306289,LAKE MAGDALENE OUTLET NEAR LUTZ FL
USGS,2306500,SWEETWATER CREEK NEAR SULPHUR SPRINGS FL
USGS,2306647,SWEETWATER CREEK NEAR TAMPA FL
USGS,23066535,HENRY STREET CANAL AT BENJAMIN ROAD NEAR TAMPA FL
USGS,2306654,HENRY STREET CANAL NEAR TAMPA FL
USGS,2306660,AL LOPEZ PARK OUTFLOW AT TAMPA FL
USGS,2306774,ROCKY CREEK AT ST HWY 587 AT CITRUS PARK FL
USGS,2306910,BRUSHY CREEK NEAR TAMPA FL
USGS,2306950,BRUSHY CREEK NEAR CITRUS PARK FL
USGS,2307000,ROCKY CREEK NEAR SULPHUR SPRINGS FL
USGS,2307032,DOUBLE BRANCH AT COUNTRY WAY BLVD NEAR OLDSMAR FL
USGS,2307200,BROOKER CREEK AT VAN DYKE RD NEAR CITRUS PARK FL
USGS,2307243,BROOKER CREEK NEAR ODESSA FL
USGS,2307323,BROOKER CREEK NEAR LAKE FERN FL
USGS,2307359,BROOKER CREEK NEAR TARPON SPRINGS FL
USGS,2307362,BROOKER CREEK AT TARPON WOODS BLVD NR OLDSMAR FL
USGS,2307445,SOUTH BRANCH BROOKER CREEK NEAR OLDSMAR FL
USGS,2307479,LAKE TARPON NEAR TARPON SPRINGS FL
USGS,2307498,"LAKE TARPON CANAL AT S-551, NEAR OLDSMAR FL"
USGS,2307668,ALLIGATOR CREEK BELOW BELCHER RD AT CLEARWATER FL
USGS,2307669,ALLIGATOR CREEK AT HIGHWAY 19 AT CLEARWATER FL
USGS,2307671,ALLIGATOR CR BELOW US HWY 19 AT CLEARWATER FL
USGS,2307672,ALLIGATOR CREEK TRIBUTARY AT CLEARWATER FL
USGS,2307673,ALLIGATOR CREEK AT CLEARWATER FL
USGS,2307674,ALLIGATOR CREEK AT KAPOK PARK AT CLEARWATER FL
USGS,2307697,ALLIGATOR CREEK AT SAFETY HARBOR FL
USGS,2307731,ALLEN CREEK NEAR LARGO FL
USGS,2307780,LONG BRANCH NEAR PINELLAS PARK FL
USGS,2307834,UPPER HIGHLANDS CANAL AT CONTROL NR PINELLAS PK FL
USGS,2308193,BOOKER CREEK AT ST. PETERSBURG FL
USGS,2308773,BEAR CREEK AT ST. PETERSBURG FL
USGS,2308776,BEAR CREEK AT MANGO AVENUE AT GULFPORT FL
USGS,2308865,ROOSEVELT CANAL AT STR 23-8 NR PINELLAS PARK FL
USGS,2308870,PINEBROOK CN AT BRYAN DAIRY RD AT PINELLAS PARK FL
USGS,2308889,SEMINOLE LAKE OUTLET NEAR LARGO FL
USGS,2308929,SAINT JOES CREEK AT ST.PETERSBURG FL
USGS,2308931,SAINT JOE CREEK AT LEALMAN FL
USGS,2308935,SAINT JOE CREEK AT PINELLAS PARK FL
USGS,2308950,ST JOE CREEK AT 62ND ST NR PINELLAS PARK FL
USGS,2309110,MCKAY CREEK NEAR LARGO FL
USGS,2309160,TURNER STREET STORM DRAIN AT CLEARWATER FL
USGS,2309415,CURLEW CREEK AT EVANS ROAD NEAR DUNEDIN FL
USGS,2309421,CURLEW CREEK AT BELCHER ROAD NEAR OZONA FL
USGS,2309425,CURLEW CREEK AT COUNTY ROAD 1 NEAR OZONA FL
USGS,2309445,BEE BRANCH AT 15TH STREET AT PALM HARBOR FL
USGS,2309447,BEE BRANCH NEAR PALM HARBOR FL
USGS,2309740,ANCLOTE RIVER NEAR ODESSA FL
USGS,2309848,SOUTH BRANCH ANCLOTE RIVER NEAR ODESSA FL
USGS,2309980,ANCLOTE RIVER NR ODESSA FL
USGS,2310000,ANCLOTE RIVER NEAR ELFERS FL
USGS,2310050,ANCLOTE RIVER AT PERRINE ROAD NEAR ELFERS FL
USGS,2310147,HOLLIN CREEK NEAR TARPON SPRINGS FL
USGS,2310175,ANCLOTE RIVER AT ALT US 19 AT TARPON SPRINGS FL
USGS,2310207,ANCLOTE RIVER AT HICKORY PT AT ANCLOTE FL
USGS,2310240,JUMPING GULLY AT LOYCE FL
USGS,2310280,PITHLACHASCOTEE RIVER NEAR FIVAY JUNCTION FL
USGS,2310286,FIVEMILE CR BL SUNCOAST PKWY NR FIVAY JUNCTION FL
USGS,2310288,PITHLACHASCOTEE R BL SUNCOAST PKWY NR FIVAY JCT FL
USGS,2310300,PITHLACHASCOTEE RIVER NEAR NEW PORT RICHEY FL
USGS,2310304,PITHLACHASCOTEE RAT ROWAN RD NR NEW PORT RICHEY FL
USGS,2310305,PITHLACHASCOTEE RIVER NEAR RICHEY LAKES FL
USGS,2310307,PITHLACHASCOTEE RIVER AT NEW PORT RICHEY FL
USGS,2310308,PITHLACHASCOTEE R AT MAIN ST AT NEW PORT RICHEY FL
USGS,2310310,PITHLACHASCOTEE RIVER AT PORT RICHEY FL
USGS,2310322,LAKE WORRELL OUTFALL NR NEW PORT RICHEY EAST FL
USGS,2310350,BEAR CREEK NEAR HUDSON FL
USGS,2310352,BEAR CREEK AT PLAZA DRIVE NEAR HUDSON FL
USGS,2310368,BEAR CREEK NEAR BAYONET POINT FL
USGS,2310525,WEEKI WACHEE RIVER NEAR BROOKSVILLE FL
USGS,2310545,WEEKI WACHEE RIVER NR WEEKI WACHEE SPRINGS FL
USGS,2310550,WEEKI WACHEE RIVER NEAR BAYPORT FL
USGS,2310551,WEEKI WACHEE RIVER ABOVE MUD R NEAR BAYPORT FL
USGS,2310600,GULF OF MEXICO NEAR BAYPORT FL
USGS,2310650,CHASSAHOWITZKA RIVER NEAR HOMOSASSA FL
USGS,2310660,RUTH SPRINGS RUN NEAR HOMOSASSA FL
USGS,2310663,CHASSAHOWITZKA RIVER NEAR CHASSAHOWITZKA FL
USGS,2310673,CHASSAHOWITZKA R AT DOG ISL NR CHASSAHOWITZKA FL
USGS,2310674,CHASSAHOWITZKA R AT MOUTH NR CHASSAHOWITZKA FL
USGS,2310675,HIDDEN RIVER NEAR HOMOSASSA FL
USGS,2310678,HOMOSASSA SPRINGS AT HOMOSASSA SPRINGS FL
USGS,2310688,SE FORK HOMOSASSA SPRING AT HOMOSASSA SPRINGS FL
USGS,2310689,HALLS RIVER AT HOMOSASSA SPRINGS FL
USGS,2310690,HALLS RIVER NEAR HOMOSASSA FL
USGS,2310700,HOMOSASSA R AT HOMOSASSA FL
USGS,2310708,HOMOSASSA R AT TIGER TRAIL BAY NEAR HOMOSASSA FL
USGS,2310710,HOMOSASSA R AT COFFIN POINT NEAR HOMOSASSA FL
USGS,2310712,HOMOSASSA RIVER AT SHELL ISLAND NEAR HOMOSASSA FL
USGS,2310740,SARAGASSA CANAL AT CRYSTAL RIVER FL
USGS,2310742,CRYSTAL RIVER AT MOUTH OF KINGS BAY FL
USGS,2310743,HUNTER SPR RUN AT BEACH LANE AT CRYSTAL RIVER FL
USGS,2310747,CRYSTAL RIVER AT BAGLEY COVE NEAR CRYSTAL RIVER FL
USGS,2310750,CRYSTAL RIVER NEAR CRYSTAL RIVER FL
USGS,2310752,SALT RIVER NEAR CRYSTAL RIVER FL
USGS,2310800,"WITHLACOOCHEE RIVER NR EVA, FLA."
USGS,2310900,"PONY CREEK NR POLK CITY, FLA."
USGS,2310947,"WITHLACOOCHEE RIVER NEAR CUMPRESSCO, FL"
USGS,2311000,"WITHLACOOCHEE-HILLSBOROUGH OVFLO NEAR RICHLAND, FL"
USGS,2311500,"WITHLACOOCHEE RIVER NEAR DADE CITY, FL"
USGS,2312000,"WITHLACOOCHEE RIVER AT TRILBY, FL"
USGS,2312180,"LITTLE WITHLACOOCHEE RIVER NEAR TARRYTOWN, FL"
USGS,2312200,"LITTLE WITHLACOOCHEE RIVER AT RERDELL, FL"
USGS,2312300,WITHLACOOCHEE RIVER AT RITAL FL
USGS,2312500,"WITHLACOOCHEE RIVER AT CROOM, FL"
USGS,2312558,"WITHLACOOCHEE RIVER AT NOBLETON, FL"
USGS,2312598,"WITHLACOOCHEE RIVER NR PINEOLA, FL"
USGS,2312600,"WITHLACOOCHEE RIVER NEAR FLORAL CITY, FL"
USGS,2312632,"JUMPER CK CANAL NR BEVILLES CORNER, FL"
USGS,2312635,"JUMPER CREEK NR SUMTERVILLE, FL"
USGS,2312640,"JUMPER CREEK CANAL NEAR BUSHNELL, FL"
USGS,2312645,"JUMPER CREEK CANAL NEAR WAHOO, FL"
USGS,2312667,"SHADY BROOK NEAR SUMTERVILLE, FL"
USGS,2312675,"LITTLE JONES CREEK NEAR RUTLAND, FL."
USGS,2312690,"CHITTY CHATTY CREEK NR WILDWOOD, FLA."
USGS,2312700,"OUTLET RIVER AT PANACOOCHEE RETREATS, FL"
USGS,2312720,"WITHLACOOCHEE RIVER AT WYSONG DAM, AT CARLSON, FL"
USGS,2312722,"WITHLACOOCHEE RIVER NR RUTLAND, FL"
USGS,2312762,"WITHLACOOCHEE RIVER NEAR INVERNESS, FL"
USGS,2312764,"GUM SPRINGS NEAR HOLDER, FL"
USGS,2312772,"LESLIE HEIFNER CANAL NR FLORAL CITY, FL"
USGS,2312786,"THE ORANGE STATE CANAL NR FLORAL CITY, FLA."
USGS,2312975,TSALA APOPKA OUTFALL CANAL AT S-353 NR HERNANDO FL
USGS,2313000,"WITHLACOOCHEE RIVER NEAR HOLDER, FL"
USGS,2313098,"RAINBOW RIVER NEAR DUNNELLON, FL"
USGS,2313100,"RAINBOW RIVER AT DUNNELLON, FL"
USGS,2313200,"WITHLACOOCHEE RIVER AT DUNNELLON, FL"
USGS,2313230,"WITHLACOOCHEE R AT INGLIS DAM NEAR DUNNELLON, FL"
USGS,2313237,"BARGE CANAL AT INGLIS LOCK NR INGLIS, FLA."
USGS,2313250,WITHLACOOCHEE R BYPASS CHANNEL NR INGLIS FLA
USGS,2313267,WITHLACOOCHEE RIVER AT YANKEETOWN FL
USGS,2313269,WITHLACOOCHEE RIVER NEAR YANKEETOWN FL
USGS,2313272,WITHLACOOCHEE R AT CHAMBERS IS NEAR YANKEETOWN FL
USGS,2313274,WITHLACOOCHEE R AT BUNGALOW PASS AT PORT INGLIS FL
USGS,2313500,"WACCASASSA RIVER NR OTTER CREEK, FLA."
USGS,2313700,"WACCASASSA RIVER NR GULF HAMMOCK, FLA."
USGS,2314000,"OTTER CREEK AT OTTER CREEK, FLA."
USGS,2314200,"TENMILE CREEK AT LEBANON STATION, FLA."
USGS,2314986,"ROCKY CREEK NR BELMONT,FLA."
USGS,2315000,SUWANNEE R NR BENTON FLA
USGS,2315005,HUNTER CREEK NEAR BELMONT FLA
USGS,2315200,DEEP CREEK NR SUWANNEE VALLEY FL
USGS,2315392,ROBINSON CR NR SUWANNEE VALLEY  FL
USGS,2315500,"SUWANNEE RIVER AT WHITE SPRINGS, FLA."
USGS,2315520,SWIFT CREEK AT FACIL FLA
USGS,2315550,SUWANNEE RIVER AT SUWANNEE SPRINGS FLA
USGS,2315620,"HOLTON SPRINGS NEAR FT. UNION,FL"
USGS,2315626,"ALAPAHA RISE ABOVE SW 68TH DRIVE NEAR JASPER, FL"
USGS,2317620,ALAPAHA RIVER NEAR JENNINGS FLA
USGS,2319000,"WITHLACOOCHEE RIVER NEAR PINETTA, FLA."
USGS,2319300,WITHLACOOCHEE RIVER NR MADISON FLA
USGS,2319302,"MADISON BLUE SPRING NR BLUE SPRINGS, FL"
USGS,2319394,"WITHLACOOCHEE RIVER NR LEE, FLA"
USGS,2319500,"SUWANNEE RIVER AT ELLAVILLE, FLA"
USGS,2319520,"FALMOUTH SPRING AT FALMOUTH, FL"
USGS,2319800,"SUWANNEE RIVER AT DOWLING PARK, FLORIDA"
USGS,2319950,"BLUE SPRINGS NEAR DELL,FL"
USGS,2320000,"SUWANNEE RIVER AT LURAVILLE, FLA."
USGS,2320250,TROY SPRING NEAR BRANFORD FLA
USGS,2320500,"SUWANNEE RIVER AT BRANFORD, FLA."
USGS,2320700,"SANTA FE RIVER NEAR GRAHAM, FLA."
USGS,2321000,NEW RIVER NR LAKE BUTLER FLA
USGS,2321500,"SANTA FE RIVER AT WORTHINGTON SPRINGS, FLA."
USGS,2321700,SWIFT CREEK NR LAKE BUTLER FLA
USGS,2321800,OLUSTEE CREEK NR PROVIDENCE FLA
USGS,2321898,SANTA FE RIVER AT O'LENO STATE PARK FLA
USGS,2321900,"PARENERS BRANCH NEAR BLAND, FL."
USGS,2321958,"SANTA FE RIVER AT RIVER RISE NR HIGH SPRINGS, FL"
USGS,2321975,"SANTA FE RIVER AT US HWY 441 NEAR HIGH SPRINGS,FL."
USGS,2322000,SANTA FE RIVER NR HIGH SPRINGS
USGS,2322016,"BLUES CREEK NEAR GAINSVILLE, FL"
USGS,2322049,"BAD DOG BRANCH NEAR ALACHUA, FL"
USGS,2322050,"SHILOH RUN NEAR ALACHUA, FL"
USGS,2322400,GINNIE SPRING NR HIGH SPRINGS FLA
USGS,2322500,"SANTA FE RIVER NEAR FORT WHITE, FLA."
USGS,2322616,"CANNON CREEK NEAR LAKE CITY, FL"
USGS,2322685,"ICHETUCKNEE HEAD SPRING NR HILDRETH, FL"
USGS,2322687,"CEDAR HEAD SPRING NR HILDRETH, FL"
USGS,2322688,"BLUE HOLE SPRING NR HILDRETH, FL"
USGS,2322691,"MISSION SPRINGS COMPLEX NR HILDRETH, FL"
USGS,2322694,"DEVIL'S EYE SPRING NR HILDRETH, FL"
USGS,2322695,"MILL POND SPRING NR HILDRETH, FL"
USGS,2322698,"ICHETUCKNEE R A DAMPIER'S LANDING NR HILDRETH, FL"
USGS,2322700,"ICHETUCKNEE R @ HWY27 NR HILDRETH, FL"
USGS,2322800,SANTA FE RIVER NR HILDRETH FLA
USGS,2323000,"SUWANNEE RIVER NEAR BELL, FLORIDA"
USGS,2323500,"SUWANNEE RIVER NEAR WILCOX, FLA."
USGS,2323502,FANNING SPRINGS NR WILCOX FLA
USGS,2323566,MANATEE SPRING NR CHIEFLAND FLA
USGS,2323592,SUWANNEE RIVER AB GOPHER RIVER NR SUWANNEE FL
USGS,2324000,"STEINHATCHEE RIVER NEAR CROSS CITY, FLA."
USGS,2324032,"STEINHATCHEE RIVER NEAR STEINHATCHEE,FL."
USGS,2324170,"STEINHATCHEE RIVER AT STEINHATCHEE, FL."
USGS,2324400,"FENHOLLOWAY RIVER NEAR FOLEY, FLA."
USGS,2324500,"FENHOLLOWAY RIVER AT FOLEY, FLA."
USGS,2325000,"FENHOLLOWAY RIVER NEAR PERRY, FLA"
USGS,2325495,"SPRING CREEK AT HAMPTON SPRINGS,FL"
USGS,2325532,FENHOLLOWAY RIVER AT COOEY BRIDGE NR HAMPTON SPGS
USGS,2325543,"FENHOLLOWAY RIVER NEAR HAMPTON SPRINGS, FL"
USGS,2325548,FENHOLLOWAY R. AT PETERSONS LDG. NR. HAMPTON SPGS.
USGS,2326000,"ECONFINA RIVER NEAR PERRY, FLA."
USGS,2326261,"LITTLE AUCILLA RIVER NR CHERRY LAKE, FLA."
USGS,2326280,"MADISON SQUARE OUTLET AT MADISON, FLA."
USGS,2326372,"PALMER MILL BRANCH AT MONTICELLO,FL"
USGS,2326500,"AUCILLA RIVER AT LAMONT, FLA."
USGS,2326512,"AUCILLA RIVER NR SCANLON, FLA."
USGS,2326526,WACISSA RIVER NR WACISSA FLA
USGS,2326550,"AUCILLA RIVER NR MOUTH NEAR NUTALL RISE, FL"
USGS,2326598,CANEY CREEK NR MONTICELLO FLA
USGS,2326825,"NORTHEAST DD AT HADLEY RD TALLAHASSEE,FL"
USGS,2326828,"NORTHEAST DD AT CAPITAL CIR TALLAHASSEE,FL"
USGS,2326834,"MCCORD PARK DRAINAGE DITCH TALLAHASSEE,FLA"
USGS,2326835,"MCCORD PARK POND OUTLET AT TALLAHASSEE, FL"
USGS,2326836,"MCCORD PK POND DD AT CNTVL RD TALLAHASSEE,FLA"
USGS,232683603,"MCCORD PARK DD BL CENTERVILLE RD TALLAHASSEE,FLA"
USGS,2326845,LAFAYETTE CRK AT WEEMS RD TALLAHASSEE FL
USGS,2326885,"ST. MARKS RIVER SWALLET NEAR WOODVILLE,FL"
USGS,2326900,"ST. MARKS RIVER NEAR NEWPORT, FLA."
USGS,2326993,"FISHER CREEK NEAR HILLIARDVILLE,FL"
USGS,2326995,"BLACK CREEK NEAR HILLIARDVILLE, FL"
USGS,2327000,"WAKULLA SPRING NR CRAWFORDVILLE, FL"
USGS,232701150,"WEST DD AT MISSION RD TALLAHASSEE,FL"
USGS,2327012,"WEST DD AT ROBERTS AVE TALLAHASSEE,FL"
USGS,23270128,CENTRAL DRAINAGE DITCH NO.14 @ TENN. ST IN TALLAHA
USGS,2327013,"CENTRAL D.D AT AIRPORT DR TALLAHASSEE,FL"
USGS,232701370,"ST. AUGUSTINE BR AT GADSDEN ST TALLAHASSEE,FLA"
USGS,2327014,"ST AUGUSTINE BR AT WAHNISH WAY TALLAHASSEE,FLA"
USGS,2327015,"CENTRAL D.D AT ORANGE AVE TALLAHASSEE,FL"
USGS,2327016,"EAST DD AT BRAGG DRIVE TALLAHASSEE,FL"
USGS,2327017,MUNSON SLOUGH AT CAPITAL CIR (NO.7) TALLAHASSEE FL
USGS,2327022,"WAKULLA RIVER NEAR CRAWFORDVILLE, FL"
USGS,2327031,"SPRING CREEK NEAR SPRING CREEK, FL"
USGS,2327033,LOST CREEK AT ARRAN FLA
USGS,2327100,"SOPCHOPPY RIVER NR SOPCHOPPY, FLA."
USGS,2328522,"OCHLOCKONEE RIVER NR CONCORD, FLA."
USGS,2329000,"OCHLOCKONEE RIVER NR HAVANA, FLA."
USGS,2329104,"OX BOTTOM CREEK NR TALLAHASSEE, FLA."
USGS,2329161,"FORDS ARM TRIBUTARY AT TALLAHASSEE,TL"
USGS,2329180,"MEGGINNIS ARM TRIB AT TALLAHASSEE, FLA."
USGS,2329181,"MALL DD AT BOONE BLVD AT TALLAHASSEE,FL"
USGS,2329184,"MEGGINNIS ARM TRIB AB I-10 AT TALLAHASSEE, FLA."
USGS,2329186,"MEGGINNIS ARM TRIB BL I-10 TALLAHASSEE,FL"
USGS,2329500,"LITTLE RIVER NR QUINCY, FLA."
USGS,2329534,"QUINCY CREEK AT STATE HWY 267 AT QUINCY, FLA."
USGS,2329542,"QUINCY CREEK AT QUINCY, FLA."
USGS,2329558,"ST. MATTHEWS CHURCH BRANCH NEAR QUINCY, FL."
USGS,2329600,"LITTLE RIVER NR MIDWAY, FLA."
USGS,2329700,"ROCKY COMFORT CREEK NR QUINCY, FLA."
USGS,2330000,"OCHLOCKONEE RIVER NR BLOXHAM, FLA."
USGS,2330100,"TELOGIA CREEK NR BRISTOL, FLA."
USGS,2330119,"HOSFORD BRANCH AT HOSFORD,FL"
USGS,23301191,HOSFORD BRNCH AT HOSFORD 15-MIN DATA
USGS,2330150,"OCHLOCKONEE RIVER NR SMITH CREEK, FLA."
USGS,2330300,"NEW RIVER NEAR WILMA, FLA."
USGS,2330400,"NEW RIVER NEAR SUMATRA, FLA"
USGS,2357500,"LAKE SEMINOLE NEAR CHATTAHOOCHEE, FL"
USGS,2358000,APALACHICOLA RIVER AT CHATTAHOOCHEE FLA
USGS,2358500,NORTH MOSQUITO C AT CHATTAHOOCHEE FL
USGS,2358685,LITTLE SWEETWATER CREEK NR BRISTOL
USGS,2358700,"APALACHICOLA RIVER NR BLOUNTSTOWN,FLORIDA"
USGS,2358754,"APALACHICOLA R.AB CHIPOLA CUTOFF NR WEWAHITCHKA,FL"
USGS,23587547,APALACHICOLA RIVER AT MILE 36.0
USGS,2358784,"MUDDY BRANCH NR MARIANNA, FL"
USGS,2358789,CHIPOLA RIVER AT MARIANNA FL
USGS,2358795,"JACKSON BLUE SPRING NR MARIANNA, FL"
USGS,2358998,HOLLIMAN BRANCH NR ALTHA FLA
USGS,2359000,"CHIPOLA RIVER NR ALTHA, FLA."
USGS,2359051,"CHIPOLA RIVER AT COCKRAN LANDING, FL"
USGS,2359101,"CHIPOLA RIVER AT DEAD LAKE OT NR WEWAHITCHKA, FL"
USGS,2359170,"APALACHICOLA RIVER NR SUMATRA,FLA."
USGS,2359224,HUCKLEBERRY CREEK NEAR APALACHICOLA FL
USGS,2359315,"MARTIN BAYOU AT US 98 AT SPRINGFIELD, FL"
USGS,2359350,"ECONFINA CREEK NR COMPASS LK, FLA."
USGS,2359450,"ECONFINA CREEK NEAR FOUNTAIN, FLA."
USGS,2359500,"ECONFINA CREEK NEAR BENNETT, FLA."
USGS,2359550,"BEAR CREEK NR YOUNGSTOWN, FLA."
USGS,2365200,"CHOCTAWHATCHEE RIVER NR PITTMAN, FLA."
USGS,2365237,"FOWLER BRANCH NR LEONIA, FLA."
USGS,2365470,"WRIGHTS CREEK AT SH 177-A NR BONIFAY,FL"
USGS,2365482,"WRIGHTS CREEK NR CARYVILLE, FLA."
USGS,2365490,"HATHAWAY MILL CREEK NR CARYVILLE, FLA."
USGS,2365500,"CHOCTAWHATCHEE RIVER AT CARYVILLE, FLA."
USGS,2365769,"BRUCE CREEK AT SH 81 NR REDBAY, FL"
USGS,2365800,"SEVEN RUNS NR REDBAY, FLA."
USGS,2366000,"HOLMES CREEK AT VERNON, FLA."
USGS,2366500,"CHOCTAWHATCHEE RIVER NR BRUCE, FLA."
USGS,2366650,"PINE LOG CREEK NR EBRO, FL"
USGS,2366859,"PATE BRANCH NR FREEPORT, FLA."
USGS,2366900,"MAGNOLIA CREEK NR FREEPORT, FLA."
USGS,2366996,"ALAQUA CREEK NEAR PLEASANT RIDGE, FL"
USGS,2367000,"ALAQUA CREEK NR DEFUNIAK SPRINGS, FLA."
USGS,2367006,"ALAQUA CREEK NEAR PORTLAND, FLORIDA"
USGS,2367240,"ROCKY CREEK NR PORTLAND, FLA."
USGS,2367242,"LITTLE ROCKY CREEK NR NICEVILLE, FLA."
USGS,2367250,"ROCKY CREEK NR NICEVILLE, FLA."
USGS,2367305,"TURKEY CREEK NR NICEVILLE, FLA."
USGS,2367307,"TURKEY CREEK AT SR 123 NR NICEVILLE,FLA"
USGS,2367310,"JUNIPER CREEK AT STATE HWY 85 NR NICEVILLE, FLA."
USGS,2367320,EAST BAY RIVER NR WYNNEHAVEN BEACH FL
USGS,2367355,TURKEY CREEK @ GOVT. R.R. NEAR NICEVILLE FL
USGS,2367388," TURTLE CREEK NR FT WALTON BEACH, FL"
USGS,2367390,TURTLE CREEK NEAR OCEAN CITY FL
USGS,2367900,"YELLOW RIVER NR OAK GROVE, FLA."
USGS,2368000,"YELLOW RIVER AT MILLIGAN, FLA."
USGS,2368300,"BAGGETT CREEK NR MILLIGAN, FLA."
USGS,2368326,CANEY CREEK TRIB. NO.2 NR CANEY CREEK TOWER
USGS,2368500,"SHOAL RIVER NR MOSSY HEAD, FLA."
USGS,2368800,"POND CREEK NR DORCAS, FLA."
USGS,2368990,"TITI CREEK NR CRESTVIEW, FLA."
USGS,2369000,"SHOAL RIVER NR CRESTVIEW, FLA."
USGS,2369500,"YELLOW RIVER NR HOLT, FLA."
USGS,2369600,"YELLOW RIVER NR MILTON, FLA."
USGS,2370000,"BLACKWATER RIVER NR BAKER, FLA."
USGS,2370015,"MUDDY BRANCH NR BEAVER CREEK, FLA."
USGS,2370200,"BIG JUNIPER CREEK NR MUNSON, FLA."
USGS,2370300,"WEST FORK BIG COLDWATER R AT COBBTOWN, FLA."
USGS,2370500,"BIG COLDWATER CREEK NR MILTON, FLA."
USGS,2370700,"POND CREEK NR MILTON, FLA."
USGS,2370750,"HURRICANE BRANCH NR MILTON, FLA."
USGS,2375500,"ESCAMBIA RIVER NEAR CENTURY, FL"
USGS,2376000,"PINE BARREN CREEK NEAR BARTH, FLA."
USGS,2376033,"ESCAMBIA RIVER NR MOLINO, FLA."
USGS,2376079,"CARPENTER CREEK AT PENSACOLA, FLA."
USGS,2376100,"BAYOU MARCUS CREEK NR PENSACOLA,FLA"
USGS,2376115,"ELEVENMILE CREEK NEAR PENSACOLA, FL."
USGS,2376140,"EIGHTMILE CREEK NEAR WEST PENSACOLA, FL"
USGS,2376293,"BRUSHY CREEK NEAR BRATT, FL"
USGS,2376300,"BRUSHY CREEK NEAR WALNUT HILL, FLA."
USGS,2376500,"PERDIDO RIVER AT BARRINEAU PARK, FL"
USGS,2376551,"CHURCH HOUSE BRANCH NR BARRINEAU PARK, FLA."
USGS,2376700,"JACKS BRANCH NR MUSCOGEE, FLA."
USGS,2.45323E+14,"Indian Key Channel, NR Islamorada FL"
USGS,2.45622E+14,"Whale Harbor, NR Islamorada FL"
USGS,2.45947E+14,"PANHANDLE CUT, NR ISLAMORADA FL"
USGS,2.50051E+14,"SANDY KEY CHANNEL, NR FLAMINGO FL"
USGS,2.50534E+14,"CONCHIE CHANNEL, NR FLAMINGO FL"
USGS,2.50548E+14,"MIDDLE GROUNDS, NR FLAMINGO FL"
USGS,2.50802E+14,"EAST SIDE CREEK NEAR LAKE INGRAHAM, FL"
USGS,2.50813E+14,"EAST CAPE CANAL NEAR LAKE INGRAHAM, FL"
USGS,2.50921E+14,"HOMESTEAD CANAL NEAR LAKE INGRAHAM, FL"
USGS,2.51003E+14,"MCCORMICK CREEK AT MOUTH NEAR KEY LARGO, FL"
USGS,2.51032E+14,"SEVEN PALM LAKE NEAR FLAMINGO, FL"
USGS,2.51032E+14,"ALLIGATOR CREEK NEAR GARFIELD BIGHT, FL"
USGS,2.51033E+14,"OYSTER CREEK NEAR FLAMINGO, FL"
USGS,2.51105E+14,"JEWFISH CREEK AT US 1, KEY LARGO FL"
USGS,2.51115E+14,"RAULERSON BROTHERS CANAL AT CAPE SABLE, FL"
USGS,2.51127E+14,"TAYLOR RIVER AT MOUTH NEAR HOMESTEAD, FL"
USGS,2.51152E+14,"EAST CREEK NEAR HOMESTEAD, FL"
USGS,2.51154E+14,"CUTHBERT LAKE OUTLET NEAR FLAMINGO, FL"
USGS,2.51203E+14,"WEST LAKE OUTLET TO LONG LAKE NEAR FLAMINGO, FL"
USGS,2.51209E+14,"MUD CREEK AT MOUTH NR HOMESTEAD, FL"
USGS,2.51241E+14,"UPSTREAM TAYLOR RIVER NEAR HOMESTEAD, FL"
USGS,2.51241E+14,             G  -3764
USGS,2.51241E+14,G  -3763
USGS,2.51253E+14,"TROUT CREEK AT MOUTH NEAR KEY LARGO, FL"
USGS,2.51322E+14,"JOE BAY 8W, NR KEY LARGO"
USGS,2.51338E+14,"JOE BAY 1E, NEAR KEY LARGO, FL"
USGS,2.51341E+14,"STILLWATER CREEK NEAR HOMESTEAD, FL"
USGS,2.51355E+14,"JOE BAY 2E, NEAR KEY LARGO, FL"
USGS,2.51433E+14,"WEST HIGHWAY CREEK NEAR HOMESTEAD, FL"
USGS,2.51438E+14,"JOE BAY 5C, NR KEY LARGO FL"
USGS,2.51457E+14,"TAYLOR SLOUGH WETLAND AT E146 NR HOMESTEAD, FL"
USGS,2.51457E+14,"G  -3776.  USGS Observation Well in Everglades, FL"
USGS,2.51457E+14,G  -3777
USGS,2.51549E+14,"MANATEE BAY CREEK NEAR HOMESTEAD, FL"
USGS,2.5174E+14,"C-111 WETLAND, EAST OF FIU LTER TSPH5"
USGS,2.51816E+14,"CARD SOUND CANAL NEAR HOMESTEAD, FL"
USGS,2.52019E+14,"UPSTREAM NORTH RIVER, NEAR FLAMINGO, FL"
USGS,2.5223E+14,"SHARK RIVER BELOW GUNBOAT ISLAND NR FLAMINGO, FL"
USGS,2.52523E+14,"LEVEE 31W CANAL AB S-332 NR FLORIDA CITY, FL"
USGS,2.52551E+14,HARNEY RIVER NEAR FLAMINGO FL
USGS,2.5282E+14,MO  - 215
USGS,2.53044E+14,EDEN 3 IN EVERGLADES NATIONAL PARK
USGS,2.53044E+14,MO -211
USGS,2.53047E+14,UPSTREAM BROAD RIVER NEAR EVERGLADES CITY FL
USGS,2.53335E+14,G -3967
USGS,2.53357E+14,UPSTREAM LOSTMANS RIVER NEAR EVERGLADES CITY FL
USGS,2.53413E+14,G  -3969
USGS,2.53413E+14,"BLACK CREEK CANAL RAINGAGE BL S-148 NR GOULDS, FL"
USGS,2.53417E+14,G  -3968
USGS,2.53417E+14,"BLACK CR CANAL RAINGAGE WEST OF US1 NR GOULDS, FL"
USGS,2.53522E+14,G  -3889
USGS,2.53644E+14,MO  - 214
USGS,2.53648E+14,"WILDERNESS WATERWAY NR ONION KEY, FL"
USGS,2.5415E+14,"SNAPPER CREEK NO.1 ABV CANAL MOUTH NR S. MIAMI, FL"
USGS,2.5415E+14,G  -3877
USGS,2.5415E+14,G  -3902
USGS,2.5415E+14,G  -3903
USGS,2.54151E+14,G  -3878
USGS,2.54151E+14,G  -3904
USGS,2.54151E+14,G  -3905
USGS,2.54151E+14,G  -3906
USGS,2.54152E+14,G  -3553
USGS,2.54153E+14,G  -3879
USGS,2.54153E+14,G  -3907
USGS,2.54153E+14,G  -3908
USGS,2.54153E+14,G  -3909
USGS,2.54154E+14,G  -3912
USGS,2.54154E+14,G  -3910
USGS,2.54154E+14,G  -3911
USGS,2.54154E+14,G  -3880
USGS,2.54155E+14,"SNAPPER CREEK AT WATER PIPE NEAR SOUTH MIAMI, FL"
USGS,2.54155E+14,G  -3881
USGS,2.54155E+14,G  -3913
USGS,2.54155E+14,G  -3914
USGS,2.54155E+14,G  -3915
USGS,2.54157E+14,"SNAPPER CREEK NO.5 ABV WATER PIPE NR S. MIAMI, FL"
USGS,2.54158E+14,G  -3882
USGS,2.54158E+14,G  -3916
USGS,2.54158E+14,G  -3918
USGS,2.54204E+14,"SNAPPER CREEK AT SW 72 ST NEAR SOUTH MIAMI, FL"
USGS,2.54344E+14,MO - 216
USGS,2.54543E+14,"TAMIAMI CANAL AT S-12-D NEAR MIAMI, FL"
USGS,2.54543E+14,"TAMIAMI CANAL AT S-12-A, NR MIAMI, FL"
USGS,2.54721E+14,W-5 IN WATER CONSERVATION AREA 3-A
USGS,2.54848E+14,"SITE 65 IN CONSERVATION AREA 3A NR COOPERTOWN, FL"
USGS,2.55123E+14,FAKA UNION BOUNDARY AT CHANNEL MARKER 6 FL
USGS,2.55138E+14,FAKA UNION BOUNDARY NEAR PANTHER KEY FL
USGS,2.55151E+14,"WETLAND AT S-152 OUTFLOW NEAR COOPERTOWN, FL"
USGS,2.55154E+14,"L-67A CANAL AT S-152 NR COOPERTOWN, FL"
USGS,2.55154E+14,"WETLAND BELOW S-152 IN WCA-3 NR COOPERTOWN, FL"
USGS,2.552E+14,EDEN 8 IN WATER CONSERVATION AREA 3-A
USGS,2.5525E+14,"SITE 71 IN CONSERVATION AREA 3B NR COOPERTOWN, FL."
USGS,2.553E+14,"SITE 69 IN CONSERVATION AREA 3BNR COOPERTOWN, FL"
USGS,2.55327E+14,"EAST RIVER NEAR EVERGLADES CITY, FL"
USGS,2.55354E+14,"DEEP CANAL AT BIG CYPRESS N.P.HEADQU.NR OCHOPEE,FL"
USGS,2.55358E+14,G  -3601I
USGS,2.55358E+14,G  -3601S
USGS,2.55426E+14,"Upstream Fakahatchee River nr. Evergaldes City, FL"
USGS,2.55432E+14,FAKA-UNION RIVER NEAR THE MOUTH
USGS,2.55443E+14,"LITTLE WOOD RIVER NEAR GOODLAND, FL"
USGS,2.55449E+14,Tamiami Trail at Bridge 75
USGS,2.55532E+14,"Upstream Little Wood River Near Goodland, FL"
USGS,2.55534E+14,"PUMPKIN RIVER NEAR GOODLAND, FL"
USGS,2.55601E+14,Tamiami Trail at Bridge 66
USGS,2.55614E+14,"Upstream Faka Union River Near Everglades City, FL"
USGS,2.55654E+14,"BLACKWATER RIVER NEAR GOODLAND, FL"
USGS,2.55656E+14,Tamiami Trail at Bridges 60
USGS,2.55726E+14,"FAKA UNION CANAL BOAT BASIN AT PORT OF ISLES,FL"
USGS,2.55732E+14,"PALM RIVER NEAR GOODLAND, FL"
USGS,2.55736E+14,"Faka Union Canal blw Weir at US41 nr Everglades,FL"
USGS,2.55738E+14,Tamiami Trail at Bridge 55
USGS,2.55754E+14,TAMIAMI TRAIL AT BRIDGE 51
USGS,2.55828E+14,SITE 64 IN CONSERVATION AREA 3A NR COOPERTOWN FL.
USGS,2.55843E+14,TAMIAMI TRAIL AT BRIDGE 45
USGS,2.55923E+14,TAMIAMI TRAIL AT BRIDGE 39
USGS,2.60325E+14,G  -2900
USGS,2.6081E+14,"SITE 99 NR L-35A IN CONS AREA 2B NR SUNRISE, FL"
USGS,2.60823E+14,L-28 INTERCEPTOR SOUTH AT COLLIER COUNTY BORDER
USGS,2.60856E+14,"BARRON RIVER CANAL BELOW I-75 NEAR NAPLES, FL"
USGS,2.60918E+14,"I-75 CULVERT AT MILE 76.2 NEAR NAPLES, FL"
USGS,2.60918E+14,"I-75 CULVERT AT MILE 78.3 NEAR NAPLES, FL"
USGS,2.60919E+14,"I-75 CULVERT AT MILE 75.8 NEAR NAPLES, FL"
USGS,2.60919E+14,"I-75 CULVERT AT MILE 76.8 NEAR NAPLES, FL"
USGS,2.6092E+14,"I-75 CULVERT AT MILE 74.8 NEAR NAPLES, FL"
USGS,2.6093E+14,"I-75 CULVERT AT MILE 74.3 NEAR NAPLES, FL"
USGS,2.60946E+14,"I-75 CULVERT AT MILE 73.9 NEAR NAPLES, FL"
USGS,2.60954E+14,"I-75 BRIDGE STR-V AT MILE 73.6 NEAR NAPLES, FL"
USGS,2.60955E+14,TURNER RIVER CANAL AT ALLIGATOR ALLEY
USGS,2.60958E+14,"I-75 CULVERT AT MILE 72.9 NEAR NAPLES, FL"
USGS,2.60958E+14,"I-75 CULVERT AT MILE 73.2 NEAR NAPLES, FL"
USGS,2.60959E+14,"I-75 BRIDGE STR-W AT MILE 71.9 NEAR NAPLES, FL"
USGS,2.60959E+14,"I-75 CULVERT AT MILE 72.2 NEAR NAPLES, FL"
USGS,2.61001E+14,"I-75 CULVERT AT MILE 71.2 NEAR NAPLES, FL"
USGS,2.61002E+14,"I-75 BRIDGE STR-X AT MILE 68.7 NEAR NAPLES, FL"
USGS,2.61002E+14,"I-75 CULVERT AT MILE 69.9 NEAR NAPLES, FL"
USGS,2.61003E+14,"I-75 CULVERT AT MILE 68.0 NEAR NAPLES, FL"
USGS,2.61004E+14,"I-75 CULVERT AT MILE 66.3 NEAR NAPLES, FL"
USGS,2.61004E+14,"I-75 CULVERT AT MILE 67 NEAR NAPLES, FL"
USGS,2.61005E+14,"I-75 CULVERT AT MILE 64.9 NEAR NAPLES, FL"
USGS,2.61005E+14,"I-75 CULVERT AT MILE 65.7 NEAR NAPLES, FL"
USGS,2.61006E+14,"I-75 CULVERT AT MILE 63.5 NEAR NAPLES, FL"
USGS,2.61006E+14,"I-75 BRIDGE STR-Y AT MILE 63.9 NEAR NAPLES, FL"
USGS,2.61006E+14,"I-75 CULVERT AT MILE 64.4 NEAR NAPLES, FL"
USGS,2.61007E+14,"I-75 CULVERT AT MILE 62.7 NEAR NAPLES, FL"
USGS,2.61008E+14,"I-75 BRIDGE STR-Z AT MILE 61.1 NEAR NAPLES, FL"
USGS,2.61008E+14,"I-75 CULVERT AT MILE 61.7 NEAR NAPLES, FL"
USGS,2.6101E+14,"I-75 CULVERT AT MILE 60.1 NEAR NAPLES, FL"
USGS,2.61011E+14,"I-75 BRIDGE STR-AA AT MILE 59 NEAR NAPLES, FL"
USGS,2.61011E+14,"I-75 CULVERT AT MILE 59.3 NEAR NAPLES, FL"
USGS,2.61012E+14,"I-75 CULVERT AT MILE 58.5 NEAR NAPLES, FL"
USGS,2.61013E+14,"I-75 CULVERT AT MILE 57.7 NEAR NAPLES, FL"
USGS,2.61015E+14,"I-75 CULVERT AT MILE 56.2 NEAR NAPLES, FL"
USGS,2.61015E+14,"I-75 CULVERT AT MILE 56.5 NEAR NAPLES, FL"
USGS,2.61017E+14,"I-75 CULVERT AT MILE 54.3 NEAR NAPLES, FL"
USGS,2.61017E+14,"I-75 CULVERT AT MILE 55.1 NEAR NAPLES, FL"
USGS,2.61018E+14,"I-75 BRIDGE STR-DD AT MILE 53 NEAR NAPLES, FL"
USGS,2.61018E+14,"I-75 BRIDGE STR-CC AT MILE 53.7 NEAR NAPLES, FL"
USGS,2.61023E+14,"SITE 62 IN CONSERVATION AREA 3A NR ANDYTOWN, FL"
USGS,2.61117E+14,SITE 63 IN CONSERVATION AREA NO. 3A NR ANDYTOWN FL
USGS,2.6115E+14,"N. NEW RIVER CANAL AT S-11-A NR ANDYTOWN, FL"
USGS,2.61533E+14,L-28 INTERCEPTOR CANAL BLW S-190 NEAR CLEWISTON FL
USGS,2.61543E+14,"L-28 CANAL ABOVE S-140 NEAR CLEWISTON, FL"
USGS,2.6171E+14,SITE 19 IN CONSERVATION AREA 2A NR CORAL SPRINGS
USGS,2.61808E+14,WEST FEEDER CANAL ABV WEST WEIR NR  CLEWISTON FL
USGS,2.62007E+14,"S-150 AT TERRYTOWN, FL"
USGS,2.62038E+14,"NORTH FEEDER CANAL BLW PC17A NR CLEWISTON, FL"
USGS,2.6224E+14,"SITE 17 NR L-38, CONS AREA 2A NR CORAL SPRINGS, FL"
USGS,2.623E+14,"HILLSBORO CANAL AT S-10-D NR DEERFIELD BCH., FL"
USGS,2.62528E+14,SOUTH LOXAHATCHEE CONSERVATION AREA NO. 1
USGS,2.6275E+14,SITE 9 IN CONSERVATION AREA NO.1 IN BOYNTON BCH FL
USGS,2.63E+14,SITE 8C NR L-40 IN CONS AREA NO.1 NR BOYNTON BCH.
USGS,2.6305E+14,"SITE 8T IN CONS AREA NO.1 NR BOYNTON BCH, FL"
USGS,2.6312E+14,"Shell Point Canal near Iona, FL"
USGS,2.63144E+14,CALOOSAHATCHEE RIVER AT PUNTA BLANCA NR CAPE CO FL
USGS,2.6318E+14,"SITE 7 IN CONS AREA NO. 1 NR SHAWANO, FL"
USGS,2.64006E+14,"HANCOCK CREEK AT PONDELLA ROAD, NORTH FT MYERS, FL"
USGS,2.64053E+14,L  -4820
USGS,2.64438E+14,"DURDEN CREEK AT CHARLOTTE NR CAPE CORAL, FL"
USGS,2.64514E+14,INDUSTRIAL CANAL AT CLEWISTON
USGS,2.65501E+14,"LEVEE 8 CANAL NEAR CANAL POINT, FL"
USGS,2.65645E+14,LOXAHATCHEE RIVER AT POMPANO DRIVE NR JUPITER FL
USGS,2.65651E+14,"LOX RIVER AT COAST GUARD DOCK NR JUPITER, FL"
USGS,2.65656E+14,"LOXAHATCHEE RIVER, PENNOCK POINT, CHANNEL MARKER 2"
USGS,2.65708E+14,"HOBE DITCH TRIB TO LOX RIVER .5 MI ABOVE MOUTH, FL"
USGS,2.65713E+14,"LOXATCHEE RIVER AT SSP NR JUPITER,FL"
USGS,2.65818E+14,"CYPRESS CREEK CANAL BELOW GULFSTREAM BRIDGE, FL"
USGS,2.65906E+14,"LOXAHATCHEE RIVER AT MILE 9.1 NEAR JUPITER, FL"
USGS,2.65912E+14,"LOX RIVER AT BOY SCOUT CAMP NR HOBE SOUND, FL"
USGS,2.65929E+14,"LOX RIVER AT OUTLET OF KITCHINGS CREEK, FL"
USGS,2.70022E+14,"KITCHINGS CREEK NR HOBE SOUND,FL"
USGS,2.70816E+14,MABRY CARLTON CW-1 (3F) SWNN WELL NEAR SARASOTA FL
USGS,2.70959E+14,ROMP 19 WLAM WELL NEAR SARASOTA FL
USGS,2.71027E+14,PALM CITY BRIDGE SALINITY SITE
USGS,2.71042E+14,2X4 CITRUS CLIMATE STATION NEAR ARCADIA FL
USGS,2.711E+14,MABRY CARLTON CW-3 (6F) SWNN WELL NEAR SARASOTA FL
USGS,2.71832E+14,EDGEVILLE DEEP WELL 3 AT EDGEVILLE FL
USGS,2.71929E+14,"ST LUCIE RIVER AT PRIMA VISTA RD, PT ST LUCIE, FL"
USGS,2.72012E+14,MARSHALL DEEP WELL NEAR GARDNER FL
USGS,2.72229E+14,"ST LUCIE RIVER AT MIDWAY RD NR PT ST LUCIE, FL"
USGS,2.72231E+14,WALKER CREEK RAINGAGE AT SARASOTA FL
USGS,2.72524E+14,"FIVE MILE CANAL ABOVE S-29-1-4 NR FT. PIERCE, FL"
USGS,2.72838E+14,KIBLER DEEP WELL 26B NEAR BETHANY FL
USGS,2.73126E+14,MANATEE RIVER NEAR MOUTH AT PALMA SOLA FL
USGS,2.74143E+14,"ST.JOHNS RV MARSH AT BLUE CYPRESS NR FELLSMERE, FL"
USGS,2.74319E+14,ESTECH POND CSA OUTFALL NEAR FT. MEADE FL
USGS,2.74906E+14,ACHAN POND CSA OUTFALL NEAR BRADLEY JUNCTION FL
USGS,2.75021E+14,CROSS BAYOU RAINFALL AT PARK BLVD NEAR LARGO FL
USGS,2.75627E+14,TURNER WELL NEAR BRANDON FL
USGS,2.75917E+14,EAST LAKE RAINFALL AT ORIENT ROAD NEAR TAMPA FL
USGS,2.80128E+14,HILLSBOROUGH R SITE 3 DNSTR 56TH ST NR TAMPA FL
USGS,2.80242E+14,TENOROC DITCH (SITE 20) NEAR LAKELAND FL
USGS,2.80256E+14,DISNEY PRESERVE NR LAKE HATCHINEHA NR HAINES CITY
USGS,2.80322E+14,"INDIAN RIVER NR PALM BAY, FL"
USGS,2.80353E+14,ROY HAYNES PARK RAINFALL NEAR SULPHUR SPRINGS FL
USGS,2.80441E+14,TENOROC DITCH (SITE 17B) NEAR LAKELAND FL
USGS,2.80531E+14,TENOROC DITCH BEL STR (SITE 17A) NEAR LAKELAND FL
USGS,2.80557E+14,TENOROC DITCH (SITE 13) NEAR LAKELAND FL
USGS,2.80634E+14,TENOROC DITCH (SITE 11) NEAR LAKELAND FL
USGS,2.80651E+14,TENOROC DITCH (SITE 19) NEAR LAKELAND FL
USGS,2.80809E+14,WILLIAMS POND CSA OUTFALL NEAR LAKELAND FL
USGS,2.80842E+14,BROOKER CK PRESERVE RAINFALL NR TARPON SPRINGS FL
USGS,2.80851E+14,ELDRIDGE WILDE 2A NEAR TARPON SPRINGS FL
USGS,2.81022E+14,ELDR WILD DEEP W N3 NEAR TARPON SPRINGS FL
USGS,2.81318E+14,CYPRESS BRIDGE 01 RAIN GAGE NR WESLEY CHAPEL FL
USGS,2.81331E+14,STARKEY ADDITION PASTURE CLIMATE STA NR ODESSA FL
USGS,2.81421E+14,STARKEY S68 FLRD WELL NR ODESSA FL
USGS,2.81448E+14,BEXLEY WELL 2 NEAR DREXEL FL
USGS,2.81626E+14,"DUDA FARMS NR LAKE WINDER NR ROCKLEDGE, FL"
USGS,2.81715E+14,STATE HWY 577 WELL NEAR SAN ANTONIO FL
USGS,2.81848E+14,"SAND HILL ROAD RAIN GAGE NR VINELAND, FL"
USGS,2.82406E+14,"COCOA R WELL NEAR BITHLO, FL"
USGS,2.82458E+14,"REEDY LAKE AT CENTER NR VINELAND, FL"
USGS,2.82528E+14,"BAY LAKE DEEP WELL NEAR WINDERMERE, FL"
USGS,2.82818E+14,SHINGLE CREEK AT OAK RIDGE ROAD RAINGAGE
USGS,2.82847E+14,"COCOA H NEAR BITHLO, FL"
USGS,2.8382E+14,"DIKE ROAD WATER PLANT RAIN GAGE NR SLAVIA,FL"
USGS,2.83902E+14,"SNOWHILL RD RETENTION POND RAIN GAGE AT CHULUOTA,F"
USGS,2.84051E+14,"SEMINOLE COUNTY RAINGAGE NEAR LONGWOOD, FL"
USGS,2.84152E+14,CHASSAHOWITZA RIVER AT MOUTH NEAR CHASHWTZ FL
USGS,2.84254E+14,"ST JOHNS RV AB LK HARNEY RAIN GAGE NR GENEVA,FL"
USGS,2.84254E+14,"CHASSAHOWITZA R ABOVE JOHNSON CK NR CHASHWTZ, FL"
USGS,2.84541E+14,"FERRIS FARMS NR FLORAL CITY, FL"
USGS,2.84617E+14,HOMOSASSA RIVER AT SHELL IS NEAR HOMOSASSA FL
USGS,2.84759E+14,"LAKE SYLVAN PARK RAINGAGE NEAR PAOLA, FL"
USGS,2.85344E+14,CRYSTAL RIVER AT CRYSTAL RIVER FL
USGS,2.85359E+14,"CARROT BARN USAS (L-0888) AT LISBON, FL"
USGS,2.85447E+14,GULF OF MEXICO NEAR CRYSTAL RIVER FL
USGS,2.85531E+14,CRYSTAL RV AT MOUTH NR SHELL ISL NR CRYSTAL RV FL
USGS,2.9111E+14,"USGS Well CE-44 at Ocala, FL"
USGS,2.91652E+14,"EAST PASS SUWANNEE RIVER AT MOUTH NR SUWANNEE, FL"
USGS,2.9183E+14,"LAKE GEORGE AT MARKER 5 NR SALT SPRINGS, FL"
USGS,2.91841E+14,"EAST PASS SUWANNEE RIVER NEAR SUWANNEE, FL"
USGS,2.91842E+14,"WEST PASS SUWANNEE RIVER NR MOUTH, NR SUWANNEE,FL"
USGS,2.9193E+14,"WEST PASS SUWANNEE RIVER AT SUWANNEE, FL"
USGS,2.93731E+14,LOCAL NO.15 CROSS CITY
USGS,2.93958E+14,USAF D3-A
USGS,2.9413E+14,"ST. JOHNS RIVER AT DANCY POINT NEAR PALATKA, FL"
USGS,2.94213E+14,"ST. JOHNS RIVER AT DANCY POINT NEAR SPUDS, FL"
USGS,2.94321E+14,LOCAL NO.943-453-1
USGS,2.94327E+14,LOCAL NO.31
USGS,2.9433E+14,943244310  09S16E07  212 SITE 1 USGS
USGS,2.944E+14,"APALACHICOLA, FL    WB                    W12832"
USGS,2.94458E+14,LOCAL NO.944-314-1
USGS,2.94708E+14,LOCAL NO.947-446-1
USGS,2.94857E+14,30
USGS,2.94955E+14,"GINNIE SPRINGS RAIN GAGE NEAR HIGH SPRINGS, FL"
USGS,2.95046E+14,FRANKLIN NO 10
USGS,2.95507E+14,"ST. JAMES WELL NR LANARK, FLORIDA"
USGS,2.95732E+14,FRANKLIN 41
USGS,2.95802E+14,LOCAL NO.958-312-1
USGS,2.95856E+14,ST JOHNS RV SHANDS BRIDGE NR GREEN COVE SPGS FL
USGS,2.95949E+14,"ST.JOHNS RIVER AT GREEN COVE SPRINGS, FL"
USGS,3.00152E+14,LOCAL NO.001-459-1
USGS,3.00338E+14,FICO FARMS OBS. WELL(600) NR. OVERSTREET FL.
USGS,3.00358E+14,LOCAL NO.35 BUCKEYE CELLULOSE CORP
USGS,3.004E+14,LOCAL NO.004-258-334
USGS,3.00407E+14,LOCAL NO.36 BUCKEYE CELLULOSE CORP
USGS,3.0054E+14,WAKULLA 19
USGS,3.0063E+14,J W GASTON WELL
USGS,3.00631E+14,WAKULLA HIGH SCH TEST WELL
USGS,3.00703E+14,"EXXON SUPPLY WELL NR WEWAHITCHKA,FL"
USGS,3.00747E+14,72221
USGS,3.00803E+14,"JULINGTON CRK AT HOOD LANDING NR BAYARD, FL"
USGS,3.00823E+14,LOCAL NO.008-317-1
USGS,3.00917E+14,LOCAL NO.2 ST. MARKS
USGS,3.01006E+14,"WELL BAY 7 AT PANAMA CITY, FLORIDA"
USGS,3.01031E+14,LOCAL NO.9 LAKE CITY
USGS,3.01035E+14,PORTER LAKE REC AREA
USGS,3.01057E+14,"ST.JOHNS RVR AB BUCKMAN BRIDGE AT JACKSONVILLE,FL"
USGS,3.01124E+14,"ST.JOHNS RIVER BUCKMAN BRIDGE AT JACKSONVILLE,FL"
USGS,3.01156E+14,LOCAL NO.011-410-1
USGS,3.01204E+14,"ORTEGA RIVER SALINITY AT JACKSONVILLE, FL"
USGS,3.0121E+14,WEST PANAMA CITY BEACH
USGS,3.0125E+14,"FANIN AIRPORT WELL AT PANAMA CITY,FLA."
USGS,3.01307E+14,ONF #10 FLORIDAN WELL
USGS,3.01307E+14,ONF #10 WATER TABLE WELL
USGS,3.01437E+14,ONF #9 FLORIDAN WELL
USGS,3.01437E+14,ONF #9 HAWTHORN WELL
USGS,3.01437E+14,LOCAL NO.014-511-1
USGS,3.0151E+14,"ST JOHNS RVR AT CHRISTOPHER PT NR JACKSONVILLE, FL"
USGS,3.0155E+14,LOCAL NO.015-535-113
USGS,3.01635E+14,SRWMD B-0004
USGS,3.01635E+14,BS-195082234002
USGS,3.01649E+14,016-538-123
USGS,3.01702E+14,ONF #7 FLORIDAN WELL
USGS,3.01702E+14,ONF #7 WATER TABLE WELL
USGS,3.01817E+14,"ST JOHNS RIVER BL MARCO LK AT JACKSONVILLE, FL"
USGS,3.01822E+14,NEW HOPE SCHOOL WELL NR. WHITE SPRINGS FL-AK Black
USGS,3.0183E+14,"OTTER CAMP RAINGAGE NR BLOXHAM,FL"
USGS,3.01933E+14,ONF #2 FLORIDAN WELL
USGS,3.01933E+14,ONF #2 WATER TABLE WELL
USGS,3.01945E+14,ONF #4 HAWTHORN WELL
USGS,3.01948E+14,STEPHEN FOSTER MEMORIAL WELL
USGS,3.02052E+14,ONF #3 FLORIDAN WELL
USGS,3.02052E+14,ONF #3 HAWTHORN WELL
USGS,3.02115E+14,SRWMD B-2
USGS,3.02115E+14,BS-24
USGS,3.02127E+14,HILWARD MORGAN WELL NR. FACIL FL
USGS,3.02135E+14,"USGS T7,SR102,GULF BREEZE"
USGS,3.02204E+14,LOCAL NO.022-356-1
USGS,3.02212E+14,S E SPRAYFIELD RAINGAGE NR TALLAHASSEE FL
USGS,3.02214E+14,LOCAL NO.13
USGS,3.02221E+14,"C.H.MCGEE,JR. POINT WASHINGTON"
USGS,3.02243E+14,ONF #1 FLORIDAN WELL
USGS,3.02243E+14,ONF #1 WATER TABLE WELL
USGS,3.02251E+14,"B-25 ONF NO.6 FLORIDAN WELL NEAR TAYLOR,FL."
USGS,3.02251E+14,"B-26 ONF NO.6 HAWTHORNE WELL NEAR TAYLOR,FL."
USGS,3.02308E+14,USGS OBS.WELL 39 WRRNGTN
USGS,3.02309E+14,"ST JOHNS R DAMES POINT BRIDGE AT JACKSONVILLE, FL"
USGS,3.02313E+14,USGS LS 1
USGS,3.02319E+14,USGS LS24
USGS,3.02321E+14,"C.W. ROBERTS WELL AT HOSFORD,FLA."
USGS,3.02323E+14,A C HOGAN WELL
USGS,3.0233E+14,USAF EGLIN A15 B12516
USGS,3.02334E+14,SUWANNEE SPGS WELL
USGS,3.02338E+14,WAYSIDE PARK
USGS,3.02347E+14,RAIN GAGE  1 AT AIRPORT (NO.1) TALLAHASSEE FL
USGS,3.02351E+14,LOCAL NO.023-526-223A YOUNGSTOWN
USGS,3.02357E+14,"BRIDGETENDER WELL(WAL-25)NR POINT WASHINGTON,FLA"
USGS,3.02402E+14,LOCAL NO 60A
USGS,3.02409E+14,"L.WOODHAM REDIMIX,NVARRE"
USGS,3.0241E+14,LOCAL NO.024-420-1
USGS,3.02418E+14,"OLD CITY HALL WELL AT FORT WALTON BEACH, FL."
USGS,3.02419E+14,FT WALTON ELEM SCHOOL
USGS,3.02431E+14,"BILL COLLIER WELL AT FLOROSA,FL"
USGS,3.02432E+14,"USGS OBS.WELL 62,B.CHICO"
USGS,3.02432E+14,"USGS OBS.WELL 62A,B.CHCO."
USGS,3.02438E+14,R. G. NO. 6-A AT WAHNISH (NO.9) TALAHASSEE FL
USGS,3.02536E+14,RAIN GAGE 7 AT SEWAGE PLANT (NO.11) TLH FL
USGS,3.02556E+14,OCCIDENTAL POND SOUTH CSA OUTFALL NR WHITE SPGS FL
USGS,3.02601E+14,RAIN GAGE NO. 11 AT APAKIN NENE DR. (NO.31) TLH F
USGS,3.02609E+14,"TROUT RIVER BL US 1 AT DINSMORE, FL"
USGS,3.02609E+14,RAIN GAGE 2 AT WAYNE COLONEY PLANT (NO2) TLH FL
USGS,3.0262E+14,"B-9 USGS WELL at Taylor, FL"
USGS,3.02622E+14,"GOVERNOR SQUARE R. G. (NO.30) TALLAHASSEE, FLA."
USGS,3.02623E+14,OCCIDENTAL POND NORTH CSA OUTFALL NR WHITE SPGS FL
USGS,3.02636E+14,"CITY OF BLOUNSTOWN WELL AT BLOUNSTOWN,FLA."
USGS,3.02637E+14,"WILSONS COWFORD FISH CAMP WELL NR EBRO, FLORIDA"
USGS,3.0264E+14,"USGS WELL AT BOG AT TALLAHASSEE,FLA."
USGS,3.02649E+14,LOCAL NO.026-509-1
USGS,3.0265E+14,ESCAMBIA 026-713-6
USGS,3.02657E+14,"CLAPBOARD CRK AB BUCKHORN BLUFF NR JAX, FL"
USGS,3.02658E+14,USGS OBS.WELL 026-713-5
USGS,3.02707E+14,RAIN GAGE 15 AT NEW ARMORY (NO.33) TALLAHASSEE FL
USGS,3.02708E+14,VICTORY NO 2
USGS,3.02721E+14,SELMA MADARA NEAR FREEPORT
USGS,3.02723E+14,T AND W MOODY WELL
USGS,3.02731E+14,RAIN GAGE 10 AT OLD ARMORY (NO.16) TALLAHASSEE FL
USGS,3.02731E+14,RAIN GAGE 5 AT SAN LUIS RD (NO.15) TALLAHASSEE FL
USGS,3.02747E+14,USGS WRIGHT TEST WELL
USGS,3.02758E+14,WELL 28 NR CLAY POINT
USGS,3.028E+14,"PENSACOLA,FL  WBAP                       W93859"
USGS,3.02822E+14,R.G. NO.16 AT MCCORD PARK (NO.24) TALLAHASSEE FL
USGS,3.0283E+14,PENS.AIRPRT.TERM.BLDG.
USGS,3.02835E+14,FFS WELL S OF JASPER
USGS,3.02842E+14,RAIN GAGE  3 AT I-10 & ST 263 (NO.3) TALLAHASSEE F
USGS,3.02856E+14,LOCAL NO.17
USGS,3.02857E+14,"POSTIL POINT WELL AT EGLIN, NR NICEVILLE, FL"
USGS,3.029E+14,TOM HUGHES WELL
USGS,3.02912E+14,R A MARSH WELL
USGS,3.02929E+14,MURPHY OIL CO WELL
USGS,3.02935E+14,RAIN GAGE 14 AT EAST GATE (NO.22) TALLAHASSEE FL
USGS,3.02935E+14,"WELL WALTON 17 AT FREEPORT, FLORIDA"
USGS,3.03001E+14,"CITY OF TALLA. OLSON RD WELL AT TALLAHASSEE, FL."
USGS,3.0301E+14,RAIN GAGE 13 @ TIMBERLANE MALL (NO.20) TLH FL
USGS,3.03012E+14,TALLAHASSEE RAY DIEHL 8-IN TH
USGS,3.03021E+14,B-4204 EGLIN 27 FLD 4-2
USGS,3.03025E+14,"WELL 422B NR GREENHEAD , FLORIDA"
USGS,3.0304E+14,D MARTIN WELL
USGS,3.03053E+14,J M THOMPSON WELL
USGS,3.03108E+14,USGS OBS.WELL 46-ENSLEY
USGS,3.03111E+14,LEON 115
USGS,3.03142E+14,"LK JACKSON DEEP WELL NR TALLAHASSEE,FLA."
USGS,3.03142E+14,"LK JACKSON SHALLOW WELL NR TALLAHASSEE,FLA."
USGS,3.032E+14,RAIN GAGE  4 AT SUNSET BOAT RAMP (NO.4) TLH FL
USGS,3.03208E+14,USGS OBS.WELL 032-724-1
USGS,3.03214E+14,FRM NO 72 DP FST AM FRMS
USGS,3.03214E+14,FRM NO 72 SH FST AM FRMS
USGS,3.03243E+14,QUINCY AGRICULTURAL EXPERIMENT STATION
USGS,3.03321E+14,ROGUE CREEK NO 2 WELL
USGS,3.0333E+14,ROGUE CREEK NO 1 WELL
USGS,3.03348E+14,FRM NO 41 DP FST AM FRMS
USGS,3.03348E+14,FRM NO 41 SH FST AM FRMS
USGS,3.03417E+14,FRM NO 98 FST AM FRMS
USGS,3.03421E+14,TENMILE CREEK NO2 WELL
USGS,3.03426E+14,FRM NO 2 DP FST AM FRMS
USGS,3.03426E+14,FRM NO 2 SH FST AM FRMS
USGS,3.03427E+14,TENMILE CREEK NO 1 WELL
USGS,3.03441E+14,AUX FIELD 2 B-2204
USGS,3.03447E+14,LOCAL NO.034-407-1
USGS,3.03454E+14,WELL 43
USGS,3.03456E+14,B-8738 EGLIN AFB
USGS,3.035E+14,AST CATTLE FARM WELL
USGS,3.03512E+14,EGLIN 29 FLD 5-2
USGS,3.03521E+14,USGS TEST WELL7 W5005
USGS,3.03527E+14,USGS-MONSANTO OBS.WELL83
USGS,3.03545E+14,BLDG 1481 ROCK HILL TOWER EGLIN AFB FL
USGS,3.03558E+14,USGS-MONSANTO OBS WELL73
USGS,3.0361E+14,USGS OBS WELL MNSNTO 74
USGS,3.03614E+14,LAKE TALLAVANA NO.2
USGS,3.03614E+14,USGS OBS.WELL 45 CNTNMNT
USGS,3.03622E+14,LOCAL NO.036-305-1
USGS,3.03714E+14,"ALFORD WELL AT VERNON,FL"
USGS,3.03722E+14,3740901
USGS,3.03728E+14,LOCAL NO.36A
USGS,3.03804E+14,ELCON NO.2 AST ST RD 267
USGS,3.03812E+14,LOCAL NO.038-336-1
USGS,3.03904E+14,LAKE FONTAIN WELL AT MERRILY PLANTATION
USGS,3.04102E+14,"USGS TEST WELL6,FLRDALE"
USGS,3.04252E+14,USGS TEST WELL NO 2
USGS,3.04334E+14,ARGYLE TOWER FFS
USGS,3.0434E+14,BAGGETT CREEK NO 2 WELL
USGS,3.04342E+14,BAGGETT CREEK NO 1 WELL
USGS,3.04358E+14,BSA CAMP LK EUCHEE WELL
USGS,3.0495E+14,TEST WELL FST AM FRMS
USGS,3.05014E+14,LOCAL NO.050-548-1
USGS,3.05043E+14,RAY PETER WELL
USGS,3.05119E+14,LOCAL NO.051-556-1
USGS,3.05202E+14,LOCAL NO.052-545-2
USGS,3.05353E+14,LOCAL NO. 053-527-1
USGS,3.05359E+14,JACKSON STILL TOWER
USGS,3.0545E+14,USGS OBS. 054-726-1
USGS,3.0545E+14,USGS OBS. 054-726-2
USGS,3.05828E+14,HOLMES 7 BUSH
USGS,3.0594E+14,FLA.FOR.SRV.CMP.HNDRSN.
