Station,Source
SAUF1,NDBC
KTNF1,NDBC
41009,NDBC
41010,NDBC
SPGF1,NDBC
FWYF1,NDBC
MLRF1,NDBC
LONF1,NDBC
SMKF1,NDBC
PLSF1,NDBC
VENF1,NDBC
CDRF1,NDBC
KTNF1,NDBC
SGOF1,NDBC
42036,NDBC
42039,NDBC
42003,NDBC
PCLF1,NOS
PCBF1,NOS
PACF1,NOS
APCF1,NOS
KYWF1,NOS
VCAF1,NOS
VAKF1,NOS
PEGF1,NOS
LKWF1,NOS
RCYF1,NOS
MYPF1,NOS
FRDF1,NOS
SHPF1,COMPS
ARPF1,COMPS
FHPF1,COMPS
CLBF1,COMPS
42022,COMPS
42013,COMPS
42023,COMPS
BGCF1,COMPS
GKYF1,Everglades National Park
LMRF1,Everglades National Park
WPLF1,Everglades National Park
BKYF1,Everglades National Park
DKKF1,Everglades National Park
MDKF1,Everglades National Park
